Building DAG of jobs...
Your conda installation is not configured to use strict channel priorities. This is however crucial for having robust and correct environments (for details, see https://conda-forge.org/docs/user/tipsandtricks.html). Please consider to configure strict priorities by executing 'conda config --set channel_priority strict'.
Creating conda environment envs/dada2.yaml...
Downloading and installing remote packages.
Environment for /home/mark/Documents/Genomed/16s_GM_local/envs/dada2.yaml created (location: .snakemake/conda/90fdc60df0cf1ab6339e0d2a98f3a964_)
Creating conda environment envs/qc_align.yaml...
Downloading and installing remote packages.
Environment for /home/mark/Documents/Genomed/16s_GM_local/envs/qc_align.yaml created (location: .snakemake/conda/a506e5f6c57d7ec81ceda62998b8c01f_)
Creating conda environment envs/lulu.yaml...
Downloading and installing remote packages.
Environment for /home/mark/Documents/Genomed/16s_GM_local/envs/lulu.yaml created (location: .snakemake/conda/8fde6df5089fcde3be96be815a9c315c_)
Creating conda environment envs/vsearch.yaml...
Downloading and installing remote packages.
Environment for /home/mark/Documents/Genomed/16s_GM_local/envs/vsearch.yaml created (location: .snakemake/conda/0313cf8465b3b69632912365e99bd66a_)
Creating conda environment envs/blast.yaml...
Downloading and installing remote packages.
Environment for /home/mark/Documents/Genomed/16s_GM_local/envs/blast.yaml created (location: .snakemake/conda/70d17c7706df9e74139a55cb56b4e36f_)
Using shell: /usr/bin/bash
Provided cores: 12
Rules claiming more threads will be scaled down.
Job stats:
job                                      count
-------------------------------------  -------
asv2fa                                       5
blast_match_list                             5
cluster_otus                                 5
demux_region                                30
make_blastdb                                 5
otu_clustering_all                           1
region_dada2_inference                      12
region_dada2_inference_se                   18
region_decontam                              5
region_decontam_add_species_silva            5
region_decontam_assign_taxonomy_silva        5
region_dereplication                        12
region_dereplication_se                     18
region_error_correction                      2
region_error_correction_se                   3
region_filter_reads                         12
region_filter_reads_se                      18
region_make_seqtable                         2
region_make_seqtable_se                      3
region_merge_reads                          12
region_postfilter                            5
region_remove_chimera                        5
run_lulu                                     5
total                                      193

Select jobs to execute...

[Tue Jul 28 13:03:50 2026]
rule demux_region:
    input: data/raw/RnDD_260713_1_RnDD-16S_n0/202607132008_RA01230801023_5P260413092US292662D3_RnD_SRSLY_16S_NPO_260713_RnDD_260713_1_RnDD-16S_n0_L00_R1.fq.gz, data/raw/RnDD_260713_1_RnDD-16S_n0/202607132008_RA01230801023_5P260413092US292662D3_RnD_SRSLY_16S_NPO_260713_RnDD_260713_1_RnDD-16S_n0_L00_R2.fq.gz
    output: results/region/V3_V4/trimmed/RnDD_260713_1_RnDD-16S_n0_R1.fq.gz, results/region/V3_V4/trimmed/RnDD_260713_1_RnDD-16S_n0_R2.fq.gz
    log: logs/demux_region/V3_V4/RnDD_260713_1_RnDD-16S_n0.log
    jobid: 95
    reason: Missing output files: results/region/V3_V4/trimmed/RnDD_260713_1_RnDD-16S_n0_R1.fq.gz
    wildcards: region=V3_V4, sample=RnDD_260713_1_RnDD-16S_n0
    resources: tmpdir=/tmp

Activating conda environment: .snakemake/conda/a506e5f6c57d7ec81ceda62998b8c01f_

[Tue Jul 28 13:03:50 2026]
rule demux_region:
    input: data/raw/RnDD_260713_16_RnDD-16S_n0/202607132008_RA01230801023_5P260413092US292662D3_RnD_SRSLY_16S_NPO_260713_RnDD_260713_16_RnDD-16S_n0_L00_R1.fq.gz, data/raw/RnDD_260713_16_RnDD-16S_n0/202607132008_RA01230801023_5P260413092US292662D3_RnD_SRSLY_16S_NPO_260713_RnDD_260713_16_RnDD-16S_n0_L00_R2.fq.gz
    output: results/region/V6_V8/trimmed/RnDD_260713_16_RnDD-16S_n0_R1.fq.gz, results/region/V6_V8/trimmed/RnDD_260713_16_RnDD-16S_n0_R2.fq.gz
    log: logs/demux_region/V6_V8/RnDD_260713_16_RnDD-16S_n0.log
    jobid: 157
    reason: Missing output files: results/region/V6_V8/trimmed/RnDD_260713_16_RnDD-16S_n0_R1.fq.gz
    wildcards: region=V6_V8, sample=RnDD_260713_16_RnDD-16S_n0
    resources: tmpdir=/tmp

Activating conda environment: .snakemake/conda/a506e5f6c57d7ec81ceda62998b8c01f_

[Tue Jul 28 13:03:50 2026]
rule demux_region:
    input: data/raw/RnDD_260713_2_RnDD-16S_n0/202607132008_RA01230801023_5P260413092US292662D3_RnD_SRSLY_16S_NPO_260713_RnDD_260713_2_RnDD-16S_n0_L00_R1.fq.gz, data/raw/RnDD_260713_2_RnDD-16S_n0/202607132008_RA01230801023_5P260413092US292662D3_RnD_SRSLY_16S_NPO_260713_RnDD_260713_2_RnDD-16S_n0_L00_R2.fq.gz
    output: results/region/V3_V4/trimmed/RnDD_260713_2_RnDD-16S_n0_R1.fq.gz, results/region/V3_V4/trimmed/RnDD_260713_2_RnDD-16S_n0_R2.fq.gz
    log: logs/demux_region/V3_V4/RnDD_260713_2_RnDD-16S_n0.log
    jobid: 97
    reason: Missing output files: results/region/V3_V4/trimmed/RnDD_260713_2_RnDD-16S_n0_R1.fq.gz
    wildcards: region=V3_V4, sample=RnDD_260713_2_RnDD-16S_n0
    resources: tmpdir=/tmp

Activating conda environment: .snakemake/conda/a506e5f6c57d7ec81ceda62998b8c01f_

[Tue Jul 28 13:03:50 2026]
rule demux_region:
    input: data/raw/RnDD_260713_15_RnDD-16S_n0/202607132008_RA01230801023_5P260413092US292662D3_RnD_SRSLY_16S_NPO_260713_RnDD_260713_15_RnDD-16S_n0_L00_R1.fq.gz, data/raw/RnDD_260713_15_RnDD-16S_n0/202607132008_RA01230801023_5P260413092US292662D3_RnD_SRSLY_16S_NPO_260713_RnDD_260713_15_RnDD-16S_n0_L00_R2.fq.gz
    output: results/region/V9/trimmed/RnDD_260713_15_RnDD-16S_n0_R1.fq.gz, results/region/V9/trimmed/RnDD_260713_15_RnDD-16S_n0_R2.fq.gz
    log: logs/demux_region/V9/RnDD_260713_15_RnDD-16S_n0.log
    jobid: 49
    reason: Missing output files: results/region/V9/trimmed/RnDD_260713_15_RnDD-16S_n0_R1.fq.gz, results/region/V9/trimmed/RnDD_260713_15_RnDD-16S_n0_R2.fq.gz
    wildcards: region=V9, sample=RnDD_260713_15_RnDD-16S_n0
    resources: tmpdir=/tmp

Activating conda environment: .snakemake/conda/a506e5f6c57d7ec81ceda62998b8c01f_

[Tue Jul 28 13:03:50 2026]
rule demux_region:
    input: data/raw/RnDD_260713_1_RnDD-16S_n0/202607132008_RA01230801023_5P260413092US292662D3_RnD_SRSLY_16S_NPO_260713_RnDD_260713_1_RnDD-16S_n0_L00_R1.fq.gz, data/raw/RnDD_260713_1_RnDD-16S_n0/202607132008_RA01230801023_5P260413092US292662D3_RnD_SRSLY_16S_NPO_260713_RnDD_260713_1_RnDD-16S_n0_L00_R2.fq.gz
    output: results/region/V1_V2/trimmed/RnDD_260713_1_RnDD-16S_n0_R1.fq.gz, results/region/V1_V2/trimmed/RnDD_260713_1_RnDD-16S_n0_R2.fq.gz
    log: logs/demux_region/V1_V2/RnDD_260713_1_RnDD-16S_n0.log
    jobid: 18
    reason: Missing output files: results/region/V1_V2/trimmed/RnDD_260713_1_RnDD-16S_n0_R2.fq.gz, results/region/V1_V2/trimmed/RnDD_260713_1_RnDD-16S_n0_R1.fq.gz
    wildcards: region=V1_V2, sample=RnDD_260713_1_RnDD-16S_n0
    resources: tmpdir=/tmp

Activating conda environment: .snakemake/conda/a506e5f6c57d7ec81ceda62998b8c01f_

[Tue Jul 28 13:03:50 2026]
rule demux_region:
    input: data/raw/RnDD_260713_17_RnDD-16S_n0/202607132008_RA01230801023_5P260413092US292662D3_RnD_SRSLY_16S_NPO_260713_RnDD_260713_17_RnDD-16S_n0_L00_R1.fq.gz, data/raw/RnDD_260713_17_RnDD-16S_n0/202607132008_RA01230801023_5P260413092US292662D3_RnD_SRSLY_16S_NPO_260713_RnDD_260713_17_RnDD-16S_n0_L00_R2.fq.gz
    output: results/region/V4_V5/trimmed/RnDD_260713_17_RnDD-16S_n0_R1.fq.gz, results/region/V4_V5/trimmed/RnDD_260713_17_RnDD-16S_n0_R2.fq.gz
    log: logs/demux_region/V4_V5/RnDD_260713_17_RnDD-16S_n0.log
    jobid: 126
    reason: Missing output files: results/region/V4_V5/trimmed/RnDD_260713_17_RnDD-16S_n0_R1.fq.gz
    wildcards: region=V4_V5, sample=RnDD_260713_17_RnDD-16S_n0
    resources: tmpdir=/tmp

Activating conda environment: .snakemake/conda/a506e5f6c57d7ec81ceda62998b8c01f_

[Tue Jul 28 13:03:50 2026]
rule demux_region:
    input: data/raw/RnDD_260713_3_RnDD-16S_n0/202607132008_RA01230801023_5P260413092US292662D3_RnD_SRSLY_16S_NPO_260713_RnDD_260713_3_RnDD-16S_n0_L00_R1.fq.gz, data/raw/RnDD_260713_3_RnDD-16S_n0/202607132008_RA01230801023_5P260413092US292662D3_RnD_SRSLY_16S_NPO_260713_RnDD_260713_3_RnDD-16S_n0_L00_R2.fq.gz
    output: results/region/V3_V4/trimmed/RnDD_260713_3_RnDD-16S_n0_R1.fq.gz, results/region/V3_V4/trimmed/RnDD_260713_3_RnDD-16S_n0_R2.fq.gz
    log: logs/demux_region/V3_V4/RnDD_260713_3_RnDD-16S_n0.log
    jobid: 99
    reason: Missing output files: results/region/V3_V4/trimmed/RnDD_260713_3_RnDD-16S_n0_R1.fq.gz
    wildcards: region=V3_V4, sample=RnDD_260713_3_RnDD-16S_n0
    resources: tmpdir=/tmp

Activating conda environment: .snakemake/conda/a506e5f6c57d7ec81ceda62998b8c01f_

[Tue Jul 28 13:03:50 2026]
rule demux_region:
    input: data/raw/RnDD_260713_15_RnDD-16S_n0/202607132008_RA01230801023_5P260413092US292662D3_RnD_SRSLY_16S_NPO_260713_RnDD_260713_15_RnDD-16S_n0_L00_R1.fq.gz, data/raw/RnDD_260713_15_RnDD-16S_n0/202607132008_RA01230801023_5P260413092US292662D3_RnD_SRSLY_16S_NPO_260713_RnDD_260713_15_RnDD-16S_n0_L00_R2.fq.gz
    output: results/region/V3_V4/trimmed/RnDD_260713_15_RnDD-16S_n0_R1.fq.gz, results/region/V3_V4/trimmed/RnDD_260713_15_RnDD-16S_n0_R2.fq.gz
    log: logs/demux_region/V3_V4/RnDD_260713_15_RnDD-16S_n0.log
    jobid: 88
    reason: Missing output files: results/region/V3_V4/trimmed/RnDD_260713_15_RnDD-16S_n0_R1.fq.gz
    wildcards: region=V3_V4, sample=RnDD_260713_15_RnDD-16S_n0
    resources: tmpdir=/tmp

Activating conda environment: .snakemake/conda/a506e5f6c57d7ec81ceda62998b8c01f_

[Tue Jul 28 13:03:50 2026]
rule demux_region:
    input: data/raw/RnDD_260713_1_RnDD-16S_n0/202607132008_RA01230801023_5P260413092US292662D3_RnD_SRSLY_16S_NPO_260713_RnDD_260713_1_RnDD-16S_n0_L00_R1.fq.gz, data/raw/RnDD_260713_1_RnDD-16S_n0/202607132008_RA01230801023_5P260413092US292662D3_RnD_SRSLY_16S_NPO_260713_RnDD_260713_1_RnDD-16S_n0_L00_R2.fq.gz
    output: results/region/V4_V5/trimmed/RnDD_260713_1_RnDD-16S_n0_R1.fq.gz, results/region/V4_V5/trimmed/RnDD_260713_1_RnDD-16S_n0_R2.fq.gz
    log: logs/demux_region/V4_V5/RnDD_260713_1_RnDD-16S_n0.log
    jobid: 128
    reason: Missing output files: results/region/V4_V5/trimmed/RnDD_260713_1_RnDD-16S_n0_R1.fq.gz
    wildcards: region=V4_V5, sample=RnDD_260713_1_RnDD-16S_n0
    resources: tmpdir=/tmp

Activating conda environment: .snakemake/conda/a506e5f6c57d7ec81ceda62998b8c01f_

[Tue Jul 28 13:03:50 2026]
rule demux_region:
    input: data/raw/RnDD_260713_16_RnDD-16S_n0/202607132008_RA01230801023_5P260413092US292662D3_RnD_SRSLY_16S_NPO_260713_RnDD_260713_16_RnDD-16S_n0_L00_R1.fq.gz, data/raw/RnDD_260713_16_RnDD-16S_n0/202607132008_RA01230801023_5P260413092US292662D3_RnD_SRSLY_16S_NPO_260713_RnDD_260713_16_RnDD-16S_n0_L00_R2.fq.gz
    output: results/region/V3_V4/trimmed/RnDD_260713_16_RnDD-16S_n0_R1.fq.gz, results/region/V3_V4/trimmed/RnDD_260713_16_RnDD-16S_n0_R2.fq.gz
    log: logs/demux_region/V3_V4/RnDD_260713_16_RnDD-16S_n0.log
    jobid: 91
    reason: Missing output files: results/region/V3_V4/trimmed/RnDD_260713_16_RnDD-16S_n0_R1.fq.gz
    wildcards: region=V3_V4, sample=RnDD_260713_16_RnDD-16S_n0
    resources: tmpdir=/tmp

Activating conda environment: .snakemake/conda/a506e5f6c57d7ec81ceda62998b8c01f_

[Tue Jul 28 13:03:50 2026]
rule demux_region:
    input: data/raw/RnDD_260713_2_RnDD-16S_n0/202607132008_RA01230801023_5P260413092US292662D3_RnD_SRSLY_16S_NPO_260713_RnDD_260713_2_RnDD-16S_n0_L00_R1.fq.gz, data/raw/RnDD_260713_2_RnDD-16S_n0/202607132008_RA01230801023_5P260413092US292662D3_RnD_SRSLY_16S_NPO_260713_RnDD_260713_2_RnDD-16S_n0_L00_R2.fq.gz
    output: results/region/V6_V8/trimmed/RnDD_260713_2_RnDD-16S_n0_R1.fq.gz, results/region/V6_V8/trimmed/RnDD_260713_2_RnDD-16S_n0_R2.fq.gz
    log: logs/demux_region/V6_V8/RnDD_260713_2_RnDD-16S_n0.log
    jobid: 163
    reason: Missing output files: results/region/V6_V8/trimmed/RnDD_260713_2_RnDD-16S_n0_R1.fq.gz
    wildcards: region=V6_V8, sample=RnDD_260713_2_RnDD-16S_n0
    resources: tmpdir=/tmp

Activating conda environment: .snakemake/conda/a506e5f6c57d7ec81ceda62998b8c01f_

[Tue Jul 28 13:03:50 2026]
rule demux_region:
    input: data/raw/RnDD_260713_17_RnDD-16S_n0/202607132008_RA01230801023_5P260413092US292662D3_RnD_SRSLY_16S_NPO_260713_RnDD_260713_17_RnDD-16S_n0_L00_R1.fq.gz, data/raw/RnDD_260713_17_RnDD-16S_n0/202607132008_RA01230801023_5P260413092US292662D3_RnD_SRSLY_16S_NPO_260713_RnDD_260713_17_RnDD-16S_n0_L00_R2.fq.gz
    output: results/region/V9/trimmed/RnDD_260713_17_RnDD-16S_n0_R1.fq.gz, results/region/V9/trimmed/RnDD_260713_17_RnDD-16S_n0_R2.fq.gz
    log: logs/demux_region/V9/RnDD_260713_17_RnDD-16S_n0.log
    jobid: 55
    reason: Missing output files: results/region/V9/trimmed/RnDD_260713_17_RnDD-16S_n0_R2.fq.gz, results/region/V9/trimmed/RnDD_260713_17_RnDD-16S_n0_R1.fq.gz
    wildcards: region=V9, sample=RnDD_260713_17_RnDD-16S_n0
    resources: tmpdir=/tmp

Activating conda environment: .snakemake/conda/a506e5f6c57d7ec81ceda62998b8c01f_
[Tue Jul 28 13:03:57 2026]
Finished job 126.
1 of 193 steps (1%) done
Select jobs to execute...

[Tue Jul 28 13:03:57 2026]
rule demux_region:
    input: data/raw/RnDD_260713_15_RnDD-16S_n0/202607132008_RA01230801023_5P260413092US292662D3_RnD_SRSLY_16S_NPO_260713_RnDD_260713_15_RnDD-16S_n0_L00_R1.fq.gz, data/raw/RnDD_260713_15_RnDD-16S_n0/202607132008_RA01230801023_5P260413092US292662D3_RnD_SRSLY_16S_NPO_260713_RnDD_260713_15_RnDD-16S_n0_L00_R2.fq.gz
    output: results/region/V1_V2/trimmed/RnDD_260713_15_RnDD-16S_n0_R1.fq.gz, results/region/V1_V2/trimmed/RnDD_260713_15_RnDD-16S_n0_R2.fq.gz
    log: logs/demux_region/V1_V2/RnDD_260713_15_RnDD-16S_n0.log
    jobid: 10
    reason: Missing output files: results/region/V1_V2/trimmed/RnDD_260713_15_RnDD-16S_n0_R2.fq.gz, results/region/V1_V2/trimmed/RnDD_260713_15_RnDD-16S_n0_R1.fq.gz
    wildcards: region=V1_V2, sample=RnDD_260713_15_RnDD-16S_n0
    resources: tmpdir=/tmp

Activating conda environment: .snakemake/conda/a506e5f6c57d7ec81ceda62998b8c01f_
[Tue Jul 28 13:03:57 2026]
Finished job 55.
2 of 193 steps (1%) done
[Tue Jul 28 13:03:57 2026]
Finished job 163.
3 of 193 steps (2%) done
[Tue Jul 28 13:03:57 2026]
Finished job 128.
4 of 193 steps (2%) done
[Tue Jul 28 13:03:57 2026]
Finished job 95.
5 of 193 steps (3%) done
[Tue Jul 28 13:03:57 2026]
Finished job 97.
6 of 193 steps (3%) done
[Tue Jul 28 13:03:57 2026]
Finished job 99.
7 of 193 steps (4%) done
Select jobs to execute...

[Tue Jul 28 13:03:57 2026]
rule demux_region:
    input: data/raw/RnDD_260713_2_RnDD-16S_n0/202607132008_RA01230801023_5P260413092US292662D3_RnD_SRSLY_16S_NPO_260713_RnDD_260713_2_RnDD-16S_n0_L00_R1.fq.gz, data/raw/RnDD_260713_2_RnDD-16S_n0/202607132008_RA01230801023_5P260413092US292662D3_RnD_SRSLY_16S_NPO_260713_RnDD_260713_2_RnDD-16S_n0_L00_R2.fq.gz
    output: results/region/V9/trimmed/RnDD_260713_2_RnDD-16S_n0_R1.fq.gz, results/region/V9/trimmed/RnDD_260713_2_RnDD-16S_n0_R2.fq.gz
    log: logs/demux_region/V9/RnDD_260713_2_RnDD-16S_n0.log
    jobid: 59
    reason: Missing output files: results/region/V9/trimmed/RnDD_260713_2_RnDD-16S_n0_R2.fq.gz, results/region/V9/trimmed/RnDD_260713_2_RnDD-16S_n0_R1.fq.gz
    wildcards: region=V9, sample=RnDD_260713_2_RnDD-16S_n0
    resources: tmpdir=/tmp


[Tue Jul 28 13:03:57 2026]
rule region_filter_reads_se:
    input: results/region/V3_V4/trimmed/RnDD_260713_3_RnDD-16S_n0_R1.fq.gz
    output: results/region/V3_V4/qc/RnDD_260713_3_RnDD-16S_n0_R1.fq.gz, results/region/V3_V4/filter_stats/RnDD_260713_3_RnDD-16S_n0.rds
    log: logs/region_filter_reads/V3_V4/RnDD_260713_3_RnDD-16S_n0.log
    jobid: 98
    reason: Missing output files: results/region/V3_V4/qc/RnDD_260713_3_RnDD-16S_n0_R1.fq.gz; Input files updated by another job: results/region/V3_V4/trimmed/RnDD_260713_3_RnDD-16S_n0_R1.fq.gz
    wildcards: region=V3_V4, sample=RnDD_260713_3_RnDD-16S_n0
    resources: tmpdir=/tmp

[Tue Jul 28 13:03:57 2026]
rule demux_region:
    input: data/raw/RnDD_260713_1_RnDD-16S_n0/202607132008_RA01230801023_5P260413092US292662D3_RnD_SRSLY_16S_NPO_260713_RnDD_260713_1_RnDD-16S_n0_L00_R1.fq.gz, data/raw/RnDD_260713_1_RnDD-16S_n0/202607132008_RA01230801023_5P260413092US292662D3_RnD_SRSLY_16S_NPO_260713_RnDD_260713_1_RnDD-16S_n0_L00_R2.fq.gz
    output: results/region/V6_V8/trimmed/RnDD_260713_1_RnDD-16S_n0_R1.fq.gz, results/region/V6_V8/trimmed/RnDD_260713_1_RnDD-16S_n0_R2.fq.gz
    log: logs/demux_region/V6_V8/RnDD_260713_1_RnDD-16S_n0.log
    jobid: 161
    reason: Missing output files: results/region/V6_V8/trimmed/RnDD_260713_1_RnDD-16S_n0_R1.fq.gz
    wildcards: region=V6_V8, sample=RnDD_260713_1_RnDD-16S_n0
    resources: tmpdir=/tmp


[Tue Jul 28 13:03:57 2026]
Activating conda environment: .snakemake/conda/a506e5f6c57d7ec81ceda62998b8c01f_
rule demux_region:
    input: data/raw/RnDD_260713_16_RnDD-16S_n0/202607132008_RA01230801023_5P260413092US292662D3_RnD_SRSLY_16S_NPO_260713_RnDD_260713_16_RnDD-16S_n0_L00_R1.fq.gz, data/raw/RnDD_260713_16_RnDD-16S_n0/202607132008_RA01230801023_5P260413092US292662D3_RnD_SRSLY_16S_NPO_260713_RnDD_260713_16_RnDD-16S_n0_L00_R2.fq.gz
    output: results/region/V9/trimmed/RnDD_260713_16_RnDD-16S_n0_R1.fq.gz, results/region/V9/trimmed/RnDD_260713_16_RnDD-16S_n0_R2.fq.gz
    log: logs/demux_region/V9/RnDD_260713_16_RnDD-16S_n0.log
    jobid: 53
    reason: Missing output files: results/region/V9/trimmed/RnDD_260713_16_RnDD-16S_n0_R1.fq.gz, results/region/V9/trimmed/RnDD_260713_16_RnDD-16S_n0_R2.fq.gz
    wildcards: region=V9, sample=RnDD_260713_16_RnDD-16S_n0
    resources: tmpdir=/tmp
Activating conda environment: .snakemake/conda/a506e5f6c57d7ec81ceda62998b8c01f_


[Tue Jul 28 13:03:57 2026]
rule demux_region:
    input: data/raw/RnDD_260713_2_RnDD-16S_n0/202607132008_RA01230801023_5P260413092US292662D3_RnD_SRSLY_16S_NPO_260713_RnDD_260713_2_RnDD-16S_n0_L00_R1.fq.gz, data/raw/RnDD_260713_2_RnDD-16S_n0/202607132008_RA01230801023_5P260413092US292662D3_RnD_SRSLY_16S_NPO_260713_RnDD_260713_2_RnDD-16S_n0_L00_R2.fq.gz
    output: results/region/V4_V5/trimmed/RnDD_260713_2_RnDD-16S_n0_R1.fq.gz, results/region/V4_V5/trimmed/RnDD_260713_2_RnDD-16S_n0_R2.fq.gz
    log: logs/demux_region/V4_V5/RnDD_260713_2_RnDD-16S_n0.log
    jobid: 130
    reason: Missing output files: results/region/V4_V5/trimmed/RnDD_260713_2_RnDD-16S_n0_R1.fq.gz
    wildcards: region=V4_V5, sample=RnDD_260713_2_RnDD-16S_n0
    resources: tmpdir=/tmp

Activating conda environment: .snakemake/conda/a506e5f6c57d7ec81ceda62998b8c01f_

[Tue Jul 28 13:03:57 2026]
rule demux_region:
    input: data/raw/RnDD_260713_17_RnDD-16S_n0/202607132008_RA01230801023_5P260413092US292662D3_RnD_SRSLY_16S_NPO_260713_RnDD_260713_17_RnDD-16S_n0_L00_R1.fq.gz, data/raw/RnDD_260713_17_RnDD-16S_n0/202607132008_RA01230801023_5P260413092US292662D3_RnD_SRSLY_16S_NPO_260713_RnDD_260713_17_RnDD-16S_n0_L00_R2.fq.gz
    output: results/region/V1_V2/trimmed/RnDD_260713_17_RnDD-16S_n0_R1.fq.gz, results/region/V1_V2/trimmed/RnDD_260713_17_RnDD-16S_n0_R2.fq.gz
    log: logs/demux_region/V1_V2/RnDD_260713_17_RnDD-16S_n0.log
    jobid: 16
    reason: Missing output files: results/region/V1_V2/trimmed/RnDD_260713_17_RnDD-16S_n0_R1.fq.gz, results/region/V1_V2/trimmed/RnDD_260713_17_RnDD-16S_n0_R2.fq.gz
    wildcards: region=V1_V2, sample=RnDD_260713_17_RnDD-16S_n0
    resources: tmpdir=/tmp

Activating conda environment: .snakemake/conda/a506e5f6c57d7ec81ceda62998b8c01f_
Select jobs to execute...
Activating conda environment: .snakemake/conda/a506e5f6c57d7ec81ceda62998b8c01f_
[Tue Jul 28 13:03:57 2026]
Finished job 18.
8 of 193 steps (4%) done

[Tue Jul 28 13:03:57 2026]
rule demux_region:
    input: data/raw/RnDD_260713_3_RnDD-16S_n0/202607132008_RA01230801023_5P260413092US292662D3_RnD_SRSLY_16S_NPO_260713_RnDD_260713_3_RnDD-16S_n0_L00_R1.fq.gz, data/raw/RnDD_260713_3_RnDD-16S_n0/202607132008_RA01230801023_5P260413092US292662D3_RnD_SRSLY_16S_NPO_260713_RnDD_260713_3_RnDD-16S_n0_L00_R2.fq.gz
    output: results/region/V4_V5/trimmed/RnDD_260713_3_RnDD-16S_n0_R1.fq.gz, results/region/V4_V5/trimmed/RnDD_260713_3_RnDD-16S_n0_R2.fq.gz
    log: logs/demux_region/V4_V5/RnDD_260713_3_RnDD-16S_n0.log
    jobid: 132
    reason: Missing output files: results/region/V4_V5/trimmed/RnDD_260713_3_RnDD-16S_n0_R1.fq.gz
    wildcards: region=V4_V5, sample=RnDD_260713_3_RnDD-16S_n0
    resources: tmpdir=/tmp

Activating conda environment: .snakemake/conda/a506e5f6c57d7ec81ceda62998b8c01f_
Activating conda environment: .snakemake/conda/90fdc60df0cf1ab6339e0d2a98f3a964_
[Tue Jul 28 13:03:59 2026]
Finished job 157.
9 of 193 steps (5%) done
Select jobs to execute...

[Tue Jul 28 13:03:59 2026]
rule region_filter_reads_se:
    input: results/region/V6_V8/trimmed/RnDD_260713_16_RnDD-16S_n0_R1.fq.gz
    output: results/region/V6_V8/qc/RnDD_260713_16_RnDD-16S_n0_R1.fq.gz, results/region/V6_V8/filter_stats/RnDD_260713_16_RnDD-16S_n0.rds
    log: logs/region_filter_reads/V6_V8/RnDD_260713_16_RnDD-16S_n0.log
    jobid: 156
    reason: Missing output files: results/region/V6_V8/qc/RnDD_260713_16_RnDD-16S_n0_R1.fq.gz; Input files updated by another job: results/region/V6_V8/trimmed/RnDD_260713_16_RnDD-16S_n0_R1.fq.gz
    wildcards: region=V6_V8, sample=RnDD_260713_16_RnDD-16S_n0
    resources: tmpdir=/tmp

Activating conda environment: .snakemake/conda/90fdc60df0cf1ab6339e0d2a98f3a964_
[Tue Jul 28 13:03:59 2026]
Finished job 49.
10 of 193 steps (5%) done
Select jobs to execute...

[Tue Jul 28 13:03:59 2026]
rule region_filter_reads:
    input: results/region/V9/trimmed/RnDD_260713_15_RnDD-16S_n0_R1.fq.gz, results/region/V9/trimmed/RnDD_260713_15_RnDD-16S_n0_R2.fq.gz
    output: results/region/V9/qc/RnDD_260713_15_RnDD-16S_n0_R1.fq.gz, results/region/V9/qc/RnDD_260713_15_RnDD-16S_n0_R2.fq.gz, results/region/V9/filter_stats/RnDD_260713_15_RnDD-16S_n0.rds
    log: logs/region_filter_reads/V9/RnDD_260713_15_RnDD-16S_n0.log
    jobid: 48
    reason: Missing output files: results/region/V9/qc/RnDD_260713_15_RnDD-16S_n0_R2.fq.gz, results/region/V9/qc/RnDD_260713_15_RnDD-16S_n0_R1.fq.gz; Input files updated by another job: results/region/V9/trimmed/RnDD_260713_15_RnDD-16S_n0_R1.fq.gz, results/region/V9/trimmed/RnDD_260713_15_RnDD-16S_n0_R2.fq.gz
    wildcards: region=V9, sample=RnDD_260713_15_RnDD-16S_n0
    resources: tmpdir=/tmp

Activating conda environment: .snakemake/conda/90fdc60df0cf1ab6339e0d2a98f3a964_
[Tue Jul 28 13:03:59 2026]
Finished job 91.
11 of 193 steps (6%) done
Select jobs to execute...

[Tue Jul 28 13:03:59 2026]
rule demux_region:
    input: data/raw/RnDD_260713_3_RnDD-16S_n0/202607132008_RA01230801023_5P260413092US292662D3_RnD_SRSLY_16S_NPO_260713_RnDD_260713_3_RnDD-16S_n0_L00_R1.fq.gz, data/raw/RnDD_260713_3_RnDD-16S_n0/202607132008_RA01230801023_5P260413092US292662D3_RnD_SRSLY_16S_NPO_260713_RnDD_260713_3_RnDD-16S_n0_L00_R2.fq.gz
    output: results/region/V9/trimmed/RnDD_260713_3_RnDD-16S_n0_R1.fq.gz, results/region/V9/trimmed/RnDD_260713_3_RnDD-16S_n0_R2.fq.gz
    log: logs/demux_region/V9/RnDD_260713_3_RnDD-16S_n0.log
    jobid: 61
    reason: Missing output files: results/region/V9/trimmed/RnDD_260713_3_RnDD-16S_n0_R1.fq.gz, results/region/V9/trimmed/RnDD_260713_3_RnDD-16S_n0_R2.fq.gz
    wildcards: region=V9, sample=RnDD_260713_3_RnDD-16S_n0
    resources: tmpdir=/tmp

Activating conda environment: .snakemake/conda/a506e5f6c57d7ec81ceda62998b8c01f_
[Tue Jul 28 13:04:00 2026]
Finished job 88.
12 of 193 steps (6%) done
Select jobs to execute...

[Tue Jul 28 13:04:00 2026]
rule demux_region:
    input: data/raw/RnDD_260713_3_RnDD-16S_n0/202607132008_RA01230801023_5P260413092US292662D3_RnD_SRSLY_16S_NPO_260713_RnDD_260713_3_RnDD-16S_n0_L00_R1.fq.gz, data/raw/RnDD_260713_3_RnDD-16S_n0/202607132008_RA01230801023_5P260413092US292662D3_RnD_SRSLY_16S_NPO_260713_RnDD_260713_3_RnDD-16S_n0_L00_R2.fq.gz
    output: results/region/V1_V2/trimmed/RnDD_260713_3_RnDD-16S_n0_R1.fq.gz, results/region/V1_V2/trimmed/RnDD_260713_3_RnDD-16S_n0_R2.fq.gz
    log: logs/demux_region/V1_V2/RnDD_260713_3_RnDD-16S_n0.log
    jobid: 22
    reason: Missing output files: results/region/V1_V2/trimmed/RnDD_260713_3_RnDD-16S_n0_R1.fq.gz, results/region/V1_V2/trimmed/RnDD_260713_3_RnDD-16S_n0_R2.fq.gz
    wildcards: region=V1_V2, sample=RnDD_260713_3_RnDD-16S_n0
    resources: tmpdir=/tmp

Activating conda environment: .snakemake/conda/a506e5f6c57d7ec81ceda62998b8c01f_
[Tue Jul 28 13:04:02 2026]
Finished job 16.
13 of 193 steps (7%) done
Select jobs to execute...

[Tue Jul 28 13:04:02 2026]
rule demux_region:
    input: data/raw/RnDD_260713_15_RnDD-16S_n0/202607132008_RA01230801023_5P260413092US292662D3_RnD_SRSLY_16S_NPO_260713_RnDD_260713_15_RnDD-16S_n0_L00_R1.fq.gz, data/raw/RnDD_260713_15_RnDD-16S_n0/202607132008_RA01230801023_5P260413092US292662D3_RnD_SRSLY_16S_NPO_260713_RnDD_260713_15_RnDD-16S_n0_L00_R2.fq.gz
    output: results/region/V6_V8/trimmed/RnDD_260713_15_RnDD-16S_n0_R1.fq.gz, results/region/V6_V8/trimmed/RnDD_260713_15_RnDD-16S_n0_R2.fq.gz
    log: logs/demux_region/V6_V8/RnDD_260713_15_RnDD-16S_n0.log
    jobid: 154
    reason: Missing output files: results/region/V6_V8/trimmed/RnDD_260713_15_RnDD-16S_n0_R1.fq.gz
    wildcards: region=V6_V8, sample=RnDD_260713_15_RnDD-16S_n0
    resources: tmpdir=/tmp

Activating conda environment: .snakemake/conda/a506e5f6c57d7ec81ceda62998b8c01f_
[Tue Jul 28 13:04:03 2026]
Finished job 130.
14 of 193 steps (7%) done
Select jobs to execute...

[Tue Jul 28 13:04:03 2026]
rule region_filter_reads_se:
    input: results/region/V4_V5/trimmed/RnDD_260713_2_RnDD-16S_n0_R1.fq.gz
    output: results/region/V4_V5/qc/RnDD_260713_2_RnDD-16S_n0_R1.fq.gz, results/region/V4_V5/filter_stats/RnDD_260713_2_RnDD-16S_n0.rds
    log: logs/region_filter_reads/V4_V5/RnDD_260713_2_RnDD-16S_n0.log
    jobid: 129
    reason: Missing output files: results/region/V4_V5/qc/RnDD_260713_2_RnDD-16S_n0_R1.fq.gz; Input files updated by another job: results/region/V4_V5/trimmed/RnDD_260713_2_RnDD-16S_n0_R1.fq.gz
    wildcards: region=V4_V5, sample=RnDD_260713_2_RnDD-16S_n0
    resources: tmpdir=/tmp

Activating conda environment: .snakemake/conda/90fdc60df0cf1ab6339e0d2a98f3a964_
[Tue Jul 28 13:04:03 2026]
Finished job 161.
15 of 193 steps (8%) done
[Tue Jul 28 13:04:03 2026]
Finished job 132.
16 of 193 steps (8%) done
Select jobs to execute...

[Tue Jul 28 13:04:03 2026]
rule region_filter_reads:
    input: results/region/V9/trimmed/RnDD_260713_17_RnDD-16S_n0_R1.fq.gz, results/region/V9/trimmed/RnDD_260713_17_RnDD-16S_n0_R2.fq.gz
    output: results/region/V9/qc/RnDD_260713_17_RnDD-16S_n0_R1.fq.gz, results/region/V9/qc/RnDD_260713_17_RnDD-16S_n0_R2.fq.gz, results/region/V9/filter_stats/RnDD_260713_17_RnDD-16S_n0.rds
    log: logs/region_filter_reads/V9/RnDD_260713_17_RnDD-16S_n0.log
    jobid: 54
    reason: Missing output files: results/region/V9/qc/RnDD_260713_17_RnDD-16S_n0_R2.fq.gz, results/region/V9/qc/RnDD_260713_17_RnDD-16S_n0_R1.fq.gz; Input files updated by another job: results/region/V9/trimmed/RnDD_260713_17_RnDD-16S_n0_R2.fq.gz, results/region/V9/trimmed/RnDD_260713_17_RnDD-16S_n0_R1.fq.gz
    wildcards: region=V9, sample=RnDD_260713_17_RnDD-16S_n0
    resources: tmpdir=/tmp

[Tue Jul 28 13:04:03 2026]
rule region_filter_reads_se:
    input: results/region/V3_V4/trimmed/RnDD_260713_16_RnDD-16S_n0_R1.fq.gz
    output: results/region/V3_V4/qc/RnDD_260713_16_RnDD-16S_n0_R1.fq.gz, results/region/V3_V4/filter_stats/RnDD_260713_16_RnDD-16S_n0.rds
    log: logs/region_filter_reads/V3_V4/RnDD_260713_16_RnDD-16S_n0.log
    jobid: 90
    reason: Missing output files: results/region/V3_V4/qc/RnDD_260713_16_RnDD-16S_n0_R1.fq.gz; Input files updated by another job: results/region/V3_V4/trimmed/RnDD_260713_16_RnDD-16S_n0_R1.fq.gz
    wildcards: region=V3_V4, sample=RnDD_260713_16_RnDD-16S_n0
    resources: tmpdir=/tmp

Select jobs to execute...
Activating conda environment: .snakemake/conda/90fdc60df0cf1ab6339e0d2a98f3a964_
Activating conda environment: .snakemake/conda/90fdc60df0cf1ab6339e0d2a98f3a964_
[Tue Jul 28 13:04:03 2026]
Finished job 59.
17 of 193 steps (9%) done

[Tue Jul 28 13:04:03 2026]
rule region_filter_reads_se:
    input: results/region/V6_V8/trimmed/RnDD_260713_1_RnDD-16S_n0_R1.fq.gz
    output: results/region/V6_V8/qc/RnDD_260713_1_RnDD-16S_n0_R1.fq.gz, results/region/V6_V8/filter_stats/RnDD_260713_1_RnDD-16S_n0.rds
    log: logs/region_filter_reads/V6_V8/RnDD_260713_1_RnDD-16S_n0.log
    jobid: 160
    reason: Missing output files: results/region/V6_V8/qc/RnDD_260713_1_RnDD-16S_n0_R1.fq.gz; Input files updated by another job: results/region/V6_V8/trimmed/RnDD_260713_1_RnDD-16S_n0_R1.fq.gz
    wildcards: region=V6_V8, sample=RnDD_260713_1_RnDD-16S_n0
    resources: tmpdir=/tmp

Activating conda environment: .snakemake/conda/90fdc60df0cf1ab6339e0d2a98f3a964_
[Tue Jul 28 13:04:06 2026]
Finished job 10.
18 of 193 steps (9%) done
Select jobs to execute...

[Tue Jul 28 13:04:06 2026]
rule region_filter_reads:
    input: results/region/V9/trimmed/RnDD_260713_2_RnDD-16S_n0_R1.fq.gz, results/region/V9/trimmed/RnDD_260713_2_RnDD-16S_n0_R2.fq.gz
    output: results/region/V9/qc/RnDD_260713_2_RnDD-16S_n0_R1.fq.gz, results/region/V9/qc/RnDD_260713_2_RnDD-16S_n0_R2.fq.gz, results/region/V9/filter_stats/RnDD_260713_2_RnDD-16S_n0.rds
    log: logs/region_filter_reads/V9/RnDD_260713_2_RnDD-16S_n0.log
    jobid: 58
    reason: Missing output files: results/region/V9/qc/RnDD_260713_2_RnDD-16S_n0_R2.fq.gz, results/region/V9/qc/RnDD_260713_2_RnDD-16S_n0_R1.fq.gz; Input files updated by another job: results/region/V9/trimmed/RnDD_260713_2_RnDD-16S_n0_R2.fq.gz, results/region/V9/trimmed/RnDD_260713_2_RnDD-16S_n0_R1.fq.gz
    wildcards: region=V9, sample=RnDD_260713_2_RnDD-16S_n0
    resources: tmpdir=/tmp

Activating conda environment: .snakemake/conda/90fdc60df0cf1ab6339e0d2a98f3a964_
[Tue Jul 28 13:04:06 2026]
Finished job 61.
19 of 193 steps (10%) done
Select jobs to execute...

[Tue Jul 28 13:04:06 2026]
rule demux_region:
    input: data/raw/RnDD_260713_3_RnDD-16S_n0/202607132008_RA01230801023_5P260413092US292662D3_RnD_SRSLY_16S_NPO_260713_RnDD_260713_3_RnDD-16S_n0_L00_R1.fq.gz, data/raw/RnDD_260713_3_RnDD-16S_n0/202607132008_RA01230801023_5P260413092US292662D3_RnD_SRSLY_16S_NPO_260713_RnDD_260713_3_RnDD-16S_n0_L00_R2.fq.gz
    output: results/region/V6_V8/trimmed/RnDD_260713_3_RnDD-16S_n0_R1.fq.gz, results/region/V6_V8/trimmed/RnDD_260713_3_RnDD-16S_n0_R2.fq.gz
    log: logs/demux_region/V6_V8/RnDD_260713_3_RnDD-16S_n0.log
    jobid: 165
    reason: Missing output files: results/region/V6_V8/trimmed/RnDD_260713_3_RnDD-16S_n0_R1.fq.gz
    wildcards: region=V6_V8, sample=RnDD_260713_3_RnDD-16S_n0
    resources: tmpdir=/tmp

Activating conda environment: .snakemake/conda/a506e5f6c57d7ec81ceda62998b8c01f_
[Tue Jul 28 13:04:06 2026]
Finished job 53.
20 of 193 steps (10%) done
Select jobs to execute...

[Tue Jul 28 13:04:06 2026]
rule region_filter_reads:
    input: results/region/V9/trimmed/RnDD_260713_16_RnDD-16S_n0_R1.fq.gz, results/region/V9/trimmed/RnDD_260713_16_RnDD-16S_n0_R2.fq.gz
    output: results/region/V9/qc/RnDD_260713_16_RnDD-16S_n0_R1.fq.gz, results/region/V9/qc/RnDD_260713_16_RnDD-16S_n0_R2.fq.gz, results/region/V9/filter_stats/RnDD_260713_16_RnDD-16S_n0.rds
    log: logs/region_filter_reads/V9/RnDD_260713_16_RnDD-16S_n0.log
    jobid: 52
    reason: Missing output files: results/region/V9/qc/RnDD_260713_16_RnDD-16S_n0_R1.fq.gz, results/region/V9/qc/RnDD_260713_16_RnDD-16S_n0_R2.fq.gz; Input files updated by another job: results/region/V9/trimmed/RnDD_260713_16_RnDD-16S_n0_R1.fq.gz, results/region/V9/trimmed/RnDD_260713_16_RnDD-16S_n0_R2.fq.gz
    wildcards: region=V9, sample=RnDD_260713_16_RnDD-16S_n0
    resources: tmpdir=/tmp

Activating conda environment: .snakemake/conda/90fdc60df0cf1ab6339e0d2a98f3a964_
[Tue Jul 28 13:04:06 2026]
Finished job 22.
21 of 193 steps (11%) done
Select jobs to execute...

[Tue Jul 28 13:04:06 2026]
rule region_filter_reads:
    input: results/region/V1_V2/trimmed/RnDD_260713_3_RnDD-16S_n0_R1.fq.gz, results/region/V1_V2/trimmed/RnDD_260713_3_RnDD-16S_n0_R2.fq.gz
    output: results/region/V1_V2/qc/RnDD_260713_3_RnDD-16S_n0_R1.fq.gz, results/region/V1_V2/qc/RnDD_260713_3_RnDD-16S_n0_R2.fq.gz, results/region/V1_V2/filter_stats/RnDD_260713_3_RnDD-16S_n0.rds
    log: logs/region_filter_reads/V1_V2/RnDD_260713_3_RnDD-16S_n0.log
    jobid: 21
    reason: Missing output files: results/region/V1_V2/qc/RnDD_260713_3_RnDD-16S_n0_R2.fq.gz, results/region/V1_V2/qc/RnDD_260713_3_RnDD-16S_n0_R1.fq.gz; Input files updated by another job: results/region/V1_V2/trimmed/RnDD_260713_3_RnDD-16S_n0_R1.fq.gz, results/region/V1_V2/trimmed/RnDD_260713_3_RnDD-16S_n0_R2.fq.gz
    wildcards: region=V1_V2, sample=RnDD_260713_3_RnDD-16S_n0
    resources: tmpdir=/tmp

Activating conda environment: .snakemake/conda/90fdc60df0cf1ab6339e0d2a98f3a964_
[Tue Jul 28 13:04:09 2026]
Finished job 154.
22 of 193 steps (11%) done
Select jobs to execute...

[Tue Jul 28 13:04:09 2026]
rule region_filter_reads_se:
    input: results/region/V6_V8/trimmed/RnDD_260713_15_RnDD-16S_n0_R1.fq.gz
    output: results/region/V6_V8/qc/RnDD_260713_15_RnDD-16S_n0_R1.fq.gz, results/region/V6_V8/filter_stats/RnDD_260713_15_RnDD-16S_n0.rds
    log: logs/region_filter_reads/V6_V8/RnDD_260713_15_RnDD-16S_n0.log
    jobid: 153
    reason: Missing output files: results/region/V6_V8/qc/RnDD_260713_15_RnDD-16S_n0_R1.fq.gz; Input files updated by another job: results/region/V6_V8/trimmed/RnDD_260713_15_RnDD-16S_n0_R1.fq.gz
    wildcards: region=V6_V8, sample=RnDD_260713_15_RnDD-16S_n0
    resources: tmpdir=/tmp

Activating conda environment: .snakemake/conda/90fdc60df0cf1ab6339e0d2a98f3a964_
[Tue Jul 28 13:04:11 2026]
Finished job 165.
23 of 193 steps (12%) done
Select jobs to execute...

[Tue Jul 28 13:04:11 2026]
rule region_filter_reads_se:
    input: results/region/V6_V8/trimmed/RnDD_260713_3_RnDD-16S_n0_R1.fq.gz
    output: results/region/V6_V8/qc/RnDD_260713_3_RnDD-16S_n0_R1.fq.gz, results/region/V6_V8/filter_stats/RnDD_260713_3_RnDD-16S_n0.rds
    log: logs/region_filter_reads/V6_V8/RnDD_260713_3_RnDD-16S_n0.log
    jobid: 164
    reason: Missing output files: results/region/V6_V8/qc/RnDD_260713_3_RnDD-16S_n0_R1.fq.gz; Input files updated by another job: results/region/V6_V8/trimmed/RnDD_260713_3_RnDD-16S_n0_R1.fq.gz
    wildcards: region=V6_V8, sample=RnDD_260713_3_RnDD-16S_n0
    resources: tmpdir=/tmp

Activating conda environment: .snakemake/conda/90fdc60df0cf1ab6339e0d2a98f3a964_
[Tue Jul 28 13:04:37 2026]
Finished job 98.
24 of 193 steps (12%) done
Select jobs to execute...

[Tue Jul 28 13:04:37 2026]
rule demux_region:
    input: data/raw/RnDD_260713_1_RnDD-16S_n0/202607132008_RA01230801023_5P260413092US292662D3_RnD_SRSLY_16S_NPO_260713_RnDD_260713_1_RnDD-16S_n0_L00_R1.fq.gz, data/raw/RnDD_260713_1_RnDD-16S_n0/202607132008_RA01230801023_5P260413092US292662D3_RnD_SRSLY_16S_NPO_260713_RnDD_260713_1_RnDD-16S_n0_L00_R2.fq.gz
    output: results/region/V9/trimmed/RnDD_260713_1_RnDD-16S_n0_R1.fq.gz, results/region/V9/trimmed/RnDD_260713_1_RnDD-16S_n0_R2.fq.gz
    log: logs/demux_region/V9/RnDD_260713_1_RnDD-16S_n0.log
    jobid: 57
    reason: Missing output files: results/region/V9/trimmed/RnDD_260713_1_RnDD-16S_n0_R1.fq.gz, results/region/V9/trimmed/RnDD_260713_1_RnDD-16S_n0_R2.fq.gz
    wildcards: region=V9, sample=RnDD_260713_1_RnDD-16S_n0
    resources: tmpdir=/tmp

Activating conda environment: .snakemake/conda/a506e5f6c57d7ec81ceda62998b8c01f_
[Tue Jul 28 13:04:38 2026]
Finished job 156.
25 of 193 steps (13%) done
Select jobs to execute...

[Tue Jul 28 13:04:38 2026]
rule region_dereplication_se:
    input: results/region/V6_V8/qc/RnDD_260713_16_RnDD-16S_n0_R1.fq.gz
    output: results/region/V6_V8/derep/RnDD_260713_16_RnDD-16S_n0_R1.rds
    log: logs/region_dereplication/V6_V8/RnDD_260713_16_RnDD-16S_n0.log
    jobid: 167
    reason: Missing output files: results/region/V6_V8/derep/RnDD_260713_16_RnDD-16S_n0_R1.rds; Input files updated by another job: results/region/V6_V8/qc/RnDD_260713_16_RnDD-16S_n0_R1.fq.gz
    wildcards: region=V6_V8, sample=RnDD_260713_16_RnDD-16S_n0
    resources: tmpdir=/tmp

Activating conda environment: .snakemake/conda/90fdc60df0cf1ab6339e0d2a98f3a964_
[Tue Jul 28 13:04:38 2026]
Finished job 129.
26 of 193 steps (13%) done
Select jobs to execute...

[Tue Jul 28 13:04:38 2026]
rule region_dereplication_se:
    input: results/region/V4_V5/qc/RnDD_260713_2_RnDD-16S_n0_R1.fq.gz
    output: results/region/V4_V5/derep/RnDD_260713_2_RnDD-16S_n0_R1.rds
    log: logs/region_dereplication/V4_V5/RnDD_260713_2_RnDD-16S_n0.log
    jobid: 140
    reason: Missing output files: results/region/V4_V5/derep/RnDD_260713_2_RnDD-16S_n0_R1.rds; Input files updated by another job: results/region/V4_V5/qc/RnDD_260713_2_RnDD-16S_n0_R1.fq.gz
    wildcards: region=V4_V5, sample=RnDD_260713_2_RnDD-16S_n0
    resources: tmpdir=/tmp

Activating conda environment: .snakemake/conda/90fdc60df0cf1ab6339e0d2a98f3a964_
[Tue Jul 28 13:04:38 2026]
Finished job 90.
27 of 193 steps (14%) done
Select jobs to execute...

[Tue Jul 28 13:04:39 2026]
rule region_dereplication_se:
    input: results/region/V3_V4/qc/RnDD_260713_16_RnDD-16S_n0_R1.fq.gz
    output: results/region/V3_V4/derep/RnDD_260713_16_RnDD-16S_n0_R1.rds
    log: logs/region_dereplication/V3_V4/RnDD_260713_16_RnDD-16S_n0.log
    jobid: 101
    reason: Missing output files: results/region/V3_V4/derep/RnDD_260713_16_RnDD-16S_n0_R1.rds; Input files updated by another job: results/region/V3_V4/qc/RnDD_260713_16_RnDD-16S_n0_R1.fq.gz
    wildcards: region=V3_V4, sample=RnDD_260713_16_RnDD-16S_n0
    resources: tmpdir=/tmp

Activating conda environment: .snakemake/conda/90fdc60df0cf1ab6339e0d2a98f3a964_
[Tue Jul 28 13:04:40 2026]
Finished job 160.
28 of 193 steps (15%) done
Select jobs to execute...

[Tue Jul 28 13:04:40 2026]
rule region_dereplication_se:
    input: results/region/V6_V8/qc/RnDD_260713_1_RnDD-16S_n0_R1.fq.gz
    output: results/region/V6_V8/derep/RnDD_260713_1_RnDD-16S_n0_R1.rds
    log: logs/region_dereplication/V6_V8/RnDD_260713_1_RnDD-16S_n0.log
    jobid: 171
    reason: Missing output files: results/region/V6_V8/derep/RnDD_260713_1_RnDD-16S_n0_R1.rds; Input files updated by another job: results/region/V6_V8/qc/RnDD_260713_1_RnDD-16S_n0_R1.fq.gz
    wildcards: region=V6_V8, sample=RnDD_260713_1_RnDD-16S_n0
    resources: tmpdir=/tmp

Activating conda environment: .snakemake/conda/90fdc60df0cf1ab6339e0d2a98f3a964_
[Tue Jul 28 13:04:41 2026]
Finished job 54.
29 of 193 steps (15%) done
Select jobs to execute...

[Tue Jul 28 13:04:41 2026]
rule region_dereplication:
    input: results/region/V9/qc/RnDD_260713_17_RnDD-16S_n0_R1.fq.gz, results/region/V9/qc/RnDD_260713_17_RnDD-16S_n0_R2.fq.gz
    output: results/region/V9/derep/RnDD_260713_17_RnDD-16S_n0_R1.rds, results/region/V9/derep/RnDD_260713_17_RnDD-16S_n0_R2.rds
    log: logs/region_dereplication/V9/RnDD_260713_17_RnDD-16S_n0.log
    jobid: 66
    reason: Missing output files: results/region/V9/derep/RnDD_260713_17_RnDD-16S_n0_R2.rds, results/region/V9/derep/RnDD_260713_17_RnDD-16S_n0_R1.rds; Input files updated by another job: results/region/V9/qc/RnDD_260713_17_RnDD-16S_n0_R2.fq.gz, results/region/V9/qc/RnDD_260713_17_RnDD-16S_n0_R1.fq.gz
    wildcards: region=V9, sample=RnDD_260713_17_RnDD-16S_n0
    resources: tmpdir=/tmp

Activating conda environment: .snakemake/conda/90fdc60df0cf1ab6339e0d2a98f3a964_
[Tue Jul 28 13:04:43 2026]
Finished job 21.
30 of 193 steps (16%) done
Select jobs to execute...

[Tue Jul 28 13:04:43 2026]
rule region_dereplication:
    input: results/region/V1_V2/qc/RnDD_260713_3_RnDD-16S_n0_R1.fq.gz, results/region/V1_V2/qc/RnDD_260713_3_RnDD-16S_n0_R2.fq.gz
    output: results/region/V1_V2/derep/RnDD_260713_3_RnDD-16S_n0_R1.rds, results/region/V1_V2/derep/RnDD_260713_3_RnDD-16S_n0_R2.rds
    log: logs/region_dereplication/V1_V2/RnDD_260713_3_RnDD-16S_n0.log
    jobid: 36
    reason: Missing output files: results/region/V1_V2/derep/RnDD_260713_3_RnDD-16S_n0_R1.rds, results/region/V1_V2/derep/RnDD_260713_3_RnDD-16S_n0_R2.rds; Input files updated by another job: results/region/V1_V2/qc/RnDD_260713_3_RnDD-16S_n0_R2.fq.gz, results/region/V1_V2/qc/RnDD_260713_3_RnDD-16S_n0_R1.fq.gz
    wildcards: region=V1_V2, sample=RnDD_260713_3_RnDD-16S_n0
    resources: tmpdir=/tmp

Activating conda environment: .snakemake/conda/90fdc60df0cf1ab6339e0d2a98f3a964_
[Tue Jul 28 13:04:43 2026]
Finished job 57.
31 of 193 steps (16%) done
Select jobs to execute...

[Tue Jul 28 13:04:43 2026]
rule region_filter_reads:
    input: results/region/V9/trimmed/RnDD_260713_1_RnDD-16S_n0_R1.fq.gz, results/region/V9/trimmed/RnDD_260713_1_RnDD-16S_n0_R2.fq.gz
    output: results/region/V9/qc/RnDD_260713_1_RnDD-16S_n0_R1.fq.gz, results/region/V9/qc/RnDD_260713_1_RnDD-16S_n0_R2.fq.gz, results/region/V9/filter_stats/RnDD_260713_1_RnDD-16S_n0.rds
    log: logs/region_filter_reads/V9/RnDD_260713_1_RnDD-16S_n0.log
    jobid: 56
    reason: Missing output files: results/region/V9/qc/RnDD_260713_1_RnDD-16S_n0_R1.fq.gz, results/region/V9/qc/RnDD_260713_1_RnDD-16S_n0_R2.fq.gz; Input files updated by another job: results/region/V9/trimmed/RnDD_260713_1_RnDD-16S_n0_R1.fq.gz, results/region/V9/trimmed/RnDD_260713_1_RnDD-16S_n0_R2.fq.gz
    wildcards: region=V9, sample=RnDD_260713_1_RnDD-16S_n0
    resources: tmpdir=/tmp

Activating conda environment: .snakemake/conda/90fdc60df0cf1ab6339e0d2a98f3a964_
[Tue Jul 28 13:04:44 2026]
Finished job 153.
32 of 193 steps (17%) done
Select jobs to execute...

[Tue Jul 28 13:04:44 2026]
rule region_dereplication_se:
    input: results/region/V3_V4/qc/RnDD_260713_3_RnDD-16S_n0_R1.fq.gz
    output: results/region/V3_V4/derep/RnDD_260713_3_RnDD-16S_n0_R1.rds
    log: logs/region_dereplication/V3_V4/RnDD_260713_3_RnDD-16S_n0.log
    jobid: 109
    reason: Missing output files: results/region/V3_V4/derep/RnDD_260713_3_RnDD-16S_n0_R1.rds; Input files updated by another job: results/region/V3_V4/qc/RnDD_260713_3_RnDD-16S_n0_R1.fq.gz
    wildcards: region=V3_V4, sample=RnDD_260713_3_RnDD-16S_n0
    resources: tmpdir=/tmp

Activating conda environment: .snakemake/conda/90fdc60df0cf1ab6339e0d2a98f3a964_
[Tue Jul 28 13:04:45 2026]
Finished job 164.
33 of 193 steps (17%) done
Select jobs to execute...

[Tue Jul 28 13:04:45 2026]
rule region_dereplication_se:
    input: results/region/V6_V8/qc/RnDD_260713_3_RnDD-16S_n0_R1.fq.gz
    output: results/region/V6_V8/derep/RnDD_260713_3_RnDD-16S_n0_R1.rds
    log: logs/region_dereplication/V6_V8/RnDD_260713_3_RnDD-16S_n0.log
    jobid: 175
    reason: Missing output files: results/region/V6_V8/derep/RnDD_260713_3_RnDD-16S_n0_R1.rds; Input files updated by another job: results/region/V6_V8/qc/RnDD_260713_3_RnDD-16S_n0_R1.fq.gz
    wildcards: region=V6_V8, sample=RnDD_260713_3_RnDD-16S_n0
    resources: tmpdir=/tmp

Activating conda environment: .snakemake/conda/90fdc60df0cf1ab6339e0d2a98f3a964_
[Tue Jul 28 13:04:45 2026]
Finished job 58.
34 of 193 steps (18%) done
Select jobs to execute...

[Tue Jul 28 13:04:46 2026]
rule region_filter_reads_se:
    input: results/region/V3_V4/trimmed/RnDD_260713_2_RnDD-16S_n0_R1.fq.gz
    output: results/region/V3_V4/qc/RnDD_260713_2_RnDD-16S_n0_R1.fq.gz, results/region/V3_V4/filter_stats/RnDD_260713_2_RnDD-16S_n0.rds
    log: logs/region_filter_reads/V3_V4/RnDD_260713_2_RnDD-16S_n0.log
    jobid: 96
    reason: Missing output files: results/region/V3_V4/qc/RnDD_260713_2_RnDD-16S_n0_R1.fq.gz; Input files updated by another job: results/region/V3_V4/trimmed/RnDD_260713_2_RnDD-16S_n0_R1.fq.gz
    wildcards: region=V3_V4, sample=RnDD_260713_2_RnDD-16S_n0
    resources: tmpdir=/tmp

Activating conda environment: .snakemake/conda/90fdc60df0cf1ab6339e0d2a98f3a964_
[Tue Jul 28 13:04:51 2026]
Finished job 48.
35 of 193 steps (18%) done
Select jobs to execute...

[Tue Jul 28 13:04:51 2026]
rule region_filter_reads_se:
    input: results/region/V3_V4/trimmed/RnDD_260713_15_RnDD-16S_n0_R1.fq.gz
    output: results/region/V3_V4/qc/RnDD_260713_15_RnDD-16S_n0_R1.fq.gz, results/region/V3_V4/filter_stats/RnDD_260713_15_RnDD-16S_n0.rds
    log: logs/region_filter_reads/V3_V4/RnDD_260713_15_RnDD-16S_n0.log
    jobid: 87
    reason: Missing output files: results/region/V3_V4/qc/RnDD_260713_15_RnDD-16S_n0_R1.fq.gz; Input files updated by another job: results/region/V3_V4/trimmed/RnDD_260713_15_RnDD-16S_n0_R1.fq.gz
    wildcards: region=V3_V4, sample=RnDD_260713_15_RnDD-16S_n0
    resources: tmpdir=/tmp

Activating conda environment: .snakemake/conda/90fdc60df0cf1ab6339e0d2a98f3a964_
[Tue Jul 28 13:04:55 2026]
Finished job 52.
36 of 193 steps (19%) done
Select jobs to execute...

[Tue Jul 28 13:04:55 2026]
rule region_filter_reads_se:
    input: results/region/V4_V5/trimmed/RnDD_260713_1_RnDD-16S_n0_R1.fq.gz
    output: results/region/V4_V5/qc/RnDD_260713_1_RnDD-16S_n0_R1.fq.gz, results/region/V4_V5/filter_stats/RnDD_260713_1_RnDD-16S_n0.rds
    log: logs/region_filter_reads/V4_V5/RnDD_260713_1_RnDD-16S_n0.log
    jobid: 127
    reason: Missing output files: results/region/V4_V5/qc/RnDD_260713_1_RnDD-16S_n0_R1.fq.gz; Input files updated by another job: results/region/V4_V5/trimmed/RnDD_260713_1_RnDD-16S_n0_R1.fq.gz
    wildcards: region=V4_V5, sample=RnDD_260713_1_RnDD-16S_n0
    resources: tmpdir=/tmp

Activating conda environment: .snakemake/conda/90fdc60df0cf1ab6339e0d2a98f3a964_
[Tue Jul 28 13:05:11 2026]
Finished job 171.
37 of 193 steps (19%) done
Select jobs to execute...

[Tue Jul 28 13:05:12 2026]
rule region_dereplication:
    input: results/region/V9/qc/RnDD_260713_15_RnDD-16S_n0_R1.fq.gz, results/region/V9/qc/RnDD_260713_15_RnDD-16S_n0_R2.fq.gz
    output: results/region/V9/derep/RnDD_260713_15_RnDD-16S_n0_R1.rds, results/region/V9/derep/RnDD_260713_15_RnDD-16S_n0_R2.rds
    log: logs/region_dereplication/V9/RnDD_260713_15_RnDD-16S_n0.log
    jobid: 47
    reason: Missing output files: results/region/V9/derep/RnDD_260713_15_RnDD-16S_n0_R1.rds, results/region/V9/derep/RnDD_260713_15_RnDD-16S_n0_R2.rds; Input files updated by another job: results/region/V9/qc/RnDD_260713_15_RnDD-16S_n0_R2.fq.gz, results/region/V9/qc/RnDD_260713_15_RnDD-16S_n0_R1.fq.gz
    wildcards: region=V9, sample=RnDD_260713_15_RnDD-16S_n0
    resources: tmpdir=/tmp

Activating conda environment: .snakemake/conda/90fdc60df0cf1ab6339e0d2a98f3a964_
[Tue Jul 28 13:05:12 2026]
Finished job 140.
38 of 193 steps (20%) done
Select jobs to execute...

[Tue Jul 28 13:05:12 2026]
rule demux_region:
    input: data/raw/RnDD_260713_15_RnDD-16S_n0/202607132008_RA01230801023_5P260413092US292662D3_RnD_SRSLY_16S_NPO_260713_RnDD_260713_15_RnDD-16S_n0_L00_R1.fq.gz, data/raw/RnDD_260713_15_RnDD-16S_n0/202607132008_RA01230801023_5P260413092US292662D3_RnD_SRSLY_16S_NPO_260713_RnDD_260713_15_RnDD-16S_n0_L00_R2.fq.gz
    output: results/region/V4_V5/trimmed/RnDD_260713_15_RnDD-16S_n0_R1.fq.gz, results/region/V4_V5/trimmed/RnDD_260713_15_RnDD-16S_n0_R2.fq.gz
    log: logs/demux_region/V4_V5/RnDD_260713_15_RnDD-16S_n0.log
    jobid: 121
    reason: Missing output files: results/region/V4_V5/trimmed/RnDD_260713_15_RnDD-16S_n0_R1.fq.gz
    wildcards: region=V4_V5, sample=RnDD_260713_15_RnDD-16S_n0
    resources: tmpdir=/tmp

Activating conda environment: .snakemake/conda/a506e5f6c57d7ec81ceda62998b8c01f_
[Tue Jul 28 13:05:12 2026]
Finished job 167.
39 of 193 steps (20%) done
Select jobs to execute...

[Tue Jul 28 13:05:12 2026]
rule region_filter_reads:
    input: results/region/V1_V2/trimmed/RnDD_260713_17_RnDD-16S_n0_R1.fq.gz, results/region/V1_V2/trimmed/RnDD_260713_17_RnDD-16S_n0_R2.fq.gz
    output: results/region/V1_V2/qc/RnDD_260713_17_RnDD-16S_n0_R1.fq.gz, results/region/V1_V2/qc/RnDD_260713_17_RnDD-16S_n0_R2.fq.gz, results/region/V1_V2/filter_stats/RnDD_260713_17_RnDD-16S_n0.rds
    log: logs/region_filter_reads/V1_V2/RnDD_260713_17_RnDD-16S_n0.log
    jobid: 15
    reason: Missing output files: results/region/V1_V2/qc/RnDD_260713_17_RnDD-16S_n0_R2.fq.gz, results/region/V1_V2/qc/RnDD_260713_17_RnDD-16S_n0_R1.fq.gz; Input files updated by another job: results/region/V1_V2/trimmed/RnDD_260713_17_RnDD-16S_n0_R1.fq.gz, results/region/V1_V2/trimmed/RnDD_260713_17_RnDD-16S_n0_R2.fq.gz
    wildcards: region=V1_V2, sample=RnDD_260713_17_RnDD-16S_n0
    resources: tmpdir=/tmp

Activating conda environment: .snakemake/conda/90fdc60df0cf1ab6339e0d2a98f3a964_
[Tue Jul 28 13:05:12 2026]
Finished job 66.
40 of 193 steps (21%) done
Select jobs to execute...

[Tue Jul 28 13:05:12 2026]
rule region_dereplication_se:
    input: results/region/V6_V8/qc/RnDD_260713_15_RnDD-16S_n0_R1.fq.gz
    output: results/region/V6_V8/derep/RnDD_260713_15_RnDD-16S_n0_R1.rds
    log: logs/region_dereplication/V6_V8/RnDD_260713_15_RnDD-16S_n0.log
    jobid: 152
    reason: Missing output files: results/region/V6_V8/derep/RnDD_260713_15_RnDD-16S_n0_R1.rds; Input files updated by another job: results/region/V6_V8/qc/RnDD_260713_15_RnDD-16S_n0_R1.fq.gz
    wildcards: region=V6_V8, sample=RnDD_260713_15_RnDD-16S_n0
    resources: tmpdir=/tmp

Activating conda environment: .snakemake/conda/90fdc60df0cf1ab6339e0d2a98f3a964_
[Tue Jul 28 13:05:13 2026]
Finished job 101.
41 of 193 steps (21%) done
Select jobs to execute...

[Tue Jul 28 13:05:13 2026]
rule region_dereplication:
    input: results/region/V9/qc/RnDD_260713_16_RnDD-16S_n0_R1.fq.gz, results/region/V9/qc/RnDD_260713_16_RnDD-16S_n0_R2.fq.gz
    output: results/region/V9/derep/RnDD_260713_16_RnDD-16S_n0_R1.rds, results/region/V9/derep/RnDD_260713_16_RnDD-16S_n0_R2.rds
    log: logs/region_dereplication/V9/RnDD_260713_16_RnDD-16S_n0.log
    jobid: 63
    reason: Missing output files: results/region/V9/derep/RnDD_260713_16_RnDD-16S_n0_R2.rds, results/region/V9/derep/RnDD_260713_16_RnDD-16S_n0_R1.rds; Input files updated by another job: results/region/V9/qc/RnDD_260713_16_RnDD-16S_n0_R1.fq.gz, results/region/V9/qc/RnDD_260713_16_RnDD-16S_n0_R2.fq.gz
    wildcards: region=V9, sample=RnDD_260713_16_RnDD-16S_n0
    resources: tmpdir=/tmp

Activating conda environment: .snakemake/conda/90fdc60df0cf1ab6339e0d2a98f3a964_
[Tue Jul 28 13:05:14 2026]
Finished job 36.
42 of 193 steps (22%) done
Select jobs to execute...

[Tue Jul 28 13:05:14 2026]
rule region_filter_reads_se:
    input: results/region/V4_V5/trimmed/RnDD_260713_17_RnDD-16S_n0_R1.fq.gz
    output: results/region/V4_V5/qc/RnDD_260713_17_RnDD-16S_n0_R1.fq.gz, results/region/V4_V5/filter_stats/RnDD_260713_17_RnDD-16S_n0.rds
    log: logs/region_filter_reads/V4_V5/RnDD_260713_17_RnDD-16S_n0.log
    jobid: 125
    reason: Missing output files: results/region/V4_V5/qc/RnDD_260713_17_RnDD-16S_n0_R1.fq.gz; Input files updated by another job: results/region/V4_V5/trimmed/RnDD_260713_17_RnDD-16S_n0_R1.fq.gz
    wildcards: region=V4_V5, sample=RnDD_260713_17_RnDD-16S_n0
    resources: tmpdir=/tmp

Activating conda environment: .snakemake/conda/90fdc60df0cf1ab6339e0d2a98f3a964_
[Tue Jul 28 13:05:15 2026]
Finished job 109.
43 of 193 steps (22%) done
Select jobs to execute...

[Tue Jul 28 13:05:15 2026]
rule demux_region:
    input: data/raw/RnDD_260713_17_RnDD-16S_n0/202607132008_RA01230801023_5P260413092US292662D3_RnD_SRSLY_16S_NPO_260713_RnDD_260713_17_RnDD-16S_n0_L00_R1.fq.gz, data/raw/RnDD_260713_17_RnDD-16S_n0/202607132008_RA01230801023_5P260413092US292662D3_RnD_SRSLY_16S_NPO_260713_RnDD_260713_17_RnDD-16S_n0_L00_R2.fq.gz
    output: results/region/V3_V4/trimmed/RnDD_260713_17_RnDD-16S_n0_R1.fq.gz, results/region/V3_V4/trimmed/RnDD_260713_17_RnDD-16S_n0_R2.fq.gz
    log: logs/demux_region/V3_V4/RnDD_260713_17_RnDD-16S_n0.log
    jobid: 93
    reason: Missing output files: results/region/V3_V4/trimmed/RnDD_260713_17_RnDD-16S_n0_R1.fq.gz
    wildcards: region=V3_V4, sample=RnDD_260713_17_RnDD-16S_n0
    resources: tmpdir=/tmp

Activating conda environment: .snakemake/conda/a506e5f6c57d7ec81ceda62998b8c01f_
[Tue Jul 28 13:05:16 2026]
Finished job 175.
44 of 193 steps (23%) done
Select jobs to execute...

[Tue Jul 28 13:05:16 2026]
rule region_filter_reads_se:
    input: results/region/V4_V5/trimmed/RnDD_260713_3_RnDD-16S_n0_R1.fq.gz
    output: results/region/V4_V5/qc/RnDD_260713_3_RnDD-16S_n0_R1.fq.gz, results/region/V4_V5/filter_stats/RnDD_260713_3_RnDD-16S_n0.rds
    log: logs/region_filter_reads/V4_V5/RnDD_260713_3_RnDD-16S_n0.log
    jobid: 131
    reason: Missing output files: results/region/V4_V5/qc/RnDD_260713_3_RnDD-16S_n0_R1.fq.gz; Input files updated by another job: results/region/V4_V5/trimmed/RnDD_260713_3_RnDD-16S_n0_R1.fq.gz
    wildcards: region=V4_V5, sample=RnDD_260713_3_RnDD-16S_n0
    resources: tmpdir=/tmp

Activating conda environment: .snakemake/conda/90fdc60df0cf1ab6339e0d2a98f3a964_
[Tue Jul 28 13:05:17 2026]
Finished job 96.
45 of 193 steps (23%) done
Select jobs to execute...

[Tue Jul 28 13:05:17 2026]
rule demux_region:
    input: data/raw/RnDD_260713_2_RnDD-16S_n0/202607132008_RA01230801023_5P260413092US292662D3_RnD_SRSLY_16S_NPO_260713_RnDD_260713_2_RnDD-16S_n0_L00_R1.fq.gz, data/raw/RnDD_260713_2_RnDD-16S_n0/202607132008_RA01230801023_5P260413092US292662D3_RnD_SRSLY_16S_NPO_260713_RnDD_260713_2_RnDD-16S_n0_L00_R2.fq.gz
    output: results/region/V1_V2/trimmed/RnDD_260713_2_RnDD-16S_n0_R1.fq.gz, results/region/V1_V2/trimmed/RnDD_260713_2_RnDD-16S_n0_R2.fq.gz
    log: logs/demux_region/V1_V2/RnDD_260713_2_RnDD-16S_n0.log
    jobid: 20
    reason: Missing output files: results/region/V1_V2/trimmed/RnDD_260713_2_RnDD-16S_n0_R1.fq.gz, results/region/V1_V2/trimmed/RnDD_260713_2_RnDD-16S_n0_R2.fq.gz
    wildcards: region=V1_V2, sample=RnDD_260713_2_RnDD-16S_n0
    resources: tmpdir=/tmp

Activating conda environment: .snakemake/conda/a506e5f6c57d7ec81ceda62998b8c01f_
[Tue Jul 28 13:05:18 2026]
Finished job 121.
46 of 193 steps (24%) done
Select jobs to execute...

[Tue Jul 28 13:05:18 2026]
rule region_filter_reads_se:
    input: results/region/V6_V8/trimmed/RnDD_260713_2_RnDD-16S_n0_R1.fq.gz
    output: results/region/V6_V8/qc/RnDD_260713_2_RnDD-16S_n0_R1.fq.gz, results/region/V6_V8/filter_stats/RnDD_260713_2_RnDD-16S_n0.rds
    log: logs/region_filter_reads/V6_V8/RnDD_260713_2_RnDD-16S_n0.log
    jobid: 162
    reason: Missing output files: results/region/V6_V8/qc/RnDD_260713_2_RnDD-16S_n0_R1.fq.gz; Input files updated by another job: results/region/V6_V8/trimmed/RnDD_260713_2_RnDD-16S_n0_R1.fq.gz
    wildcards: region=V6_V8, sample=RnDD_260713_2_RnDD-16S_n0
    resources: tmpdir=/tmp

Activating conda environment: .snakemake/conda/90fdc60df0cf1ab6339e0d2a98f3a964_
[Tue Jul 28 13:05:18 2026]
Finished job 93.
47 of 193 steps (24%) done
Select jobs to execute...

[Tue Jul 28 13:05:18 2026]
rule region_filter_reads_se:
    input: results/region/V3_V4/trimmed/RnDD_260713_17_RnDD-16S_n0_R1.fq.gz
    output: results/region/V3_V4/qc/RnDD_260713_17_RnDD-16S_n0_R1.fq.gz, results/region/V3_V4/filter_stats/RnDD_260713_17_RnDD-16S_n0.rds
    log: logs/region_filter_reads/V3_V4/RnDD_260713_17_RnDD-16S_n0.log
    jobid: 92
    reason: Missing output files: results/region/V3_V4/qc/RnDD_260713_17_RnDD-16S_n0_R1.fq.gz; Input files updated by another job: results/region/V3_V4/trimmed/RnDD_260713_17_RnDD-16S_n0_R1.fq.gz
    wildcards: region=V3_V4, sample=RnDD_260713_17_RnDD-16S_n0
    resources: tmpdir=/tmp

Activating conda environment: .snakemake/conda/90fdc60df0cf1ab6339e0d2a98f3a964_
[Tue Jul 28 13:05:19 2026]
Finished job 56.
48 of 193 steps (25%) done
Select jobs to execute...

[Tue Jul 28 13:05:19 2026]
rule demux_region:
    input: data/raw/RnDD_260713_16_RnDD-16S_n0/202607132008_RA01230801023_5P260413092US292662D3_RnD_SRSLY_16S_NPO_260713_RnDD_260713_16_RnDD-16S_n0_L00_R1.fq.gz, data/raw/RnDD_260713_16_RnDD-16S_n0/202607132008_RA01230801023_5P260413092US292662D3_RnD_SRSLY_16S_NPO_260713_RnDD_260713_16_RnDD-16S_n0_L00_R2.fq.gz
    output: results/region/V4_V5/trimmed/RnDD_260713_16_RnDD-16S_n0_R1.fq.gz, results/region/V4_V5/trimmed/RnDD_260713_16_RnDD-16S_n0_R2.fq.gz
    log: logs/demux_region/V4_V5/RnDD_260713_16_RnDD-16S_n0.log
    jobid: 124
    reason: Missing output files: results/region/V4_V5/trimmed/RnDD_260713_16_RnDD-16S_n0_R1.fq.gz
    wildcards: region=V4_V5, sample=RnDD_260713_16_RnDD-16S_n0
    resources: tmpdir=/tmp

Activating conda environment: .snakemake/conda/a506e5f6c57d7ec81ceda62998b8c01f_
[Tue Jul 28 13:05:21 2026]
Finished job 20.
49 of 193 steps (25%) done
Select jobs to execute...

[Tue Jul 28 13:05:22 2026]
rule region_filter_reads:
    input: results/region/V1_V2/trimmed/RnDD_260713_2_RnDD-16S_n0_R1.fq.gz, results/region/V1_V2/trimmed/RnDD_260713_2_RnDD-16S_n0_R2.fq.gz
    output: results/region/V1_V2/qc/RnDD_260713_2_RnDD-16S_n0_R1.fq.gz, results/region/V1_V2/qc/RnDD_260713_2_RnDD-16S_n0_R2.fq.gz, results/region/V1_V2/filter_stats/RnDD_260713_2_RnDD-16S_n0.rds
    log: logs/region_filter_reads/V1_V2/RnDD_260713_2_RnDD-16S_n0.log
    jobid: 19
    reason: Missing output files: results/region/V1_V2/qc/RnDD_260713_2_RnDD-16S_n0_R1.fq.gz, results/region/V1_V2/qc/RnDD_260713_2_RnDD-16S_n0_R2.fq.gz; Input files updated by another job: results/region/V1_V2/trimmed/RnDD_260713_2_RnDD-16S_n0_R1.fq.gz, results/region/V1_V2/trimmed/RnDD_260713_2_RnDD-16S_n0_R2.fq.gz
    wildcards: region=V1_V2, sample=RnDD_260713_2_RnDD-16S_n0
    resources: tmpdir=/tmp

Activating conda environment: .snakemake/conda/90fdc60df0cf1ab6339e0d2a98f3a964_
[Tue Jul 28 13:05:24 2026]
Finished job 87.
50 of 193 steps (26%) done
Select jobs to execute...

[Tue Jul 28 13:05:24 2026]
rule region_dereplication_se:
    input: results/region/V3_V4/qc/RnDD_260713_15_RnDD-16S_n0_R1.fq.gz
    output: results/region/V3_V4/derep/RnDD_260713_15_RnDD-16S_n0_R1.rds
    log: logs/region_dereplication/V3_V4/RnDD_260713_15_RnDD-16S_n0.log
    jobid: 86
    reason: Missing output files: results/region/V3_V4/derep/RnDD_260713_15_RnDD-16S_n0_R1.rds; Input files updated by another job: results/region/V3_V4/qc/RnDD_260713_15_RnDD-16S_n0_R1.fq.gz
    wildcards: region=V3_V4, sample=RnDD_260713_15_RnDD-16S_n0
    resources: tmpdir=/tmp

Activating conda environment: .snakemake/conda/90fdc60df0cf1ab6339e0d2a98f3a964_
[Tue Jul 28 13:05:25 2026]
Finished job 124.
51 of 193 steps (26%) done
Select jobs to execute...

[Tue Jul 28 13:05:25 2026]
rule demux_region:
    input: data/raw/RnDD_260713_16_RnDD-16S_n0/202607132008_RA01230801023_5P260413092US292662D3_RnD_SRSLY_16S_NPO_260713_RnDD_260713_16_RnDD-16S_n0_L00_R1.fq.gz, data/raw/RnDD_260713_16_RnDD-16S_n0/202607132008_RA01230801023_5P260413092US292662D3_RnD_SRSLY_16S_NPO_260713_RnDD_260713_16_RnDD-16S_n0_L00_R2.fq.gz
    output: results/region/V1_V2/trimmed/RnDD_260713_16_RnDD-16S_n0_R1.fq.gz, results/region/V1_V2/trimmed/RnDD_260713_16_RnDD-16S_n0_R2.fq.gz
    log: logs/demux_region/V1_V2/RnDD_260713_16_RnDD-16S_n0.log
    jobid: 14
    reason: Missing output files: results/region/V1_V2/trimmed/RnDD_260713_16_RnDD-16S_n0_R1.fq.gz, results/region/V1_V2/trimmed/RnDD_260713_16_RnDD-16S_n0_R2.fq.gz
    wildcards: region=V1_V2, sample=RnDD_260713_16_RnDD-16S_n0
    resources: tmpdir=/tmp

Activating conda environment: .snakemake/conda/a506e5f6c57d7ec81ceda62998b8c01f_
[Tue Jul 28 13:05:27 2026]
Finished job 127.
52 of 193 steps (27%) done
Select jobs to execute...

[Tue Jul 28 13:05:27 2026]
rule region_dereplication_se:
    input: results/region/V4_V5/qc/RnDD_260713_1_RnDD-16S_n0_R1.fq.gz
    output: results/region/V4_V5/derep/RnDD_260713_1_RnDD-16S_n0_R1.rds
    log: logs/region_dereplication/V4_V5/RnDD_260713_1_RnDD-16S_n0.log
    jobid: 138
    reason: Missing output files: results/region/V4_V5/derep/RnDD_260713_1_RnDD-16S_n0_R1.rds; Input files updated by another job: results/region/V4_V5/qc/RnDD_260713_1_RnDD-16S_n0_R1.fq.gz
    wildcards: region=V4_V5, sample=RnDD_260713_1_RnDD-16S_n0
    resources: tmpdir=/tmp

Activating conda environment: .snakemake/conda/90fdc60df0cf1ab6339e0d2a98f3a964_
[Tue Jul 28 13:05:30 2026]
Finished job 14.
53 of 193 steps (27%) done
Select jobs to execute...

[Tue Jul 28 13:05:30 2026]
rule region_dereplication:
    input: results/region/V9/qc/RnDD_260713_2_RnDD-16S_n0_R1.fq.gz, results/region/V9/qc/RnDD_260713_2_RnDD-16S_n0_R2.fq.gz
    output: results/region/V9/derep/RnDD_260713_2_RnDD-16S_n0_R1.rds, results/region/V9/derep/RnDD_260713_2_RnDD-16S_n0_R2.rds
    log: logs/region_dereplication/V9/RnDD_260713_2_RnDD-16S_n0.log
    jobid: 72
    reason: Missing output files: results/region/V9/derep/RnDD_260713_2_RnDD-16S_n0_R2.rds, results/region/V9/derep/RnDD_260713_2_RnDD-16S_n0_R1.rds; Input files updated by another job: results/region/V9/qc/RnDD_260713_2_RnDD-16S_n0_R2.fq.gz, results/region/V9/qc/RnDD_260713_2_RnDD-16S_n0_R1.fq.gz
    wildcards: region=V9, sample=RnDD_260713_2_RnDD-16S_n0
    resources: tmpdir=/tmp

Activating conda environment: .snakemake/conda/90fdc60df0cf1ab6339e0d2a98f3a964_
[Tue Jul 28 13:05:44 2026]
Finished job 47.
54 of 193 steps (28%) done
Select jobs to execute...

[Tue Jul 28 13:05:44 2026]
rule region_filter_reads:
    input: results/region/V1_V2/trimmed/RnDD_260713_1_RnDD-16S_n0_R1.fq.gz, results/region/V1_V2/trimmed/RnDD_260713_1_RnDD-16S_n0_R2.fq.gz
    output: results/region/V1_V2/qc/RnDD_260713_1_RnDD-16S_n0_R1.fq.gz, results/region/V1_V2/qc/RnDD_260713_1_RnDD-16S_n0_R2.fq.gz, results/region/V1_V2/filter_stats/RnDD_260713_1_RnDD-16S_n0.rds
    log: logs/region_filter_reads/V1_V2/RnDD_260713_1_RnDD-16S_n0.log
    jobid: 17
    reason: Missing output files: results/region/V1_V2/qc/RnDD_260713_1_RnDD-16S_n0_R2.fq.gz, results/region/V1_V2/qc/RnDD_260713_1_RnDD-16S_n0_R1.fq.gz; Input files updated by another job: results/region/V1_V2/trimmed/RnDD_260713_1_RnDD-16S_n0_R2.fq.gz, results/region/V1_V2/trimmed/RnDD_260713_1_RnDD-16S_n0_R1.fq.gz
    wildcards: region=V1_V2, sample=RnDD_260713_1_RnDD-16S_n0
    resources: tmpdir=/tmp

Activating conda environment: .snakemake/conda/90fdc60df0cf1ab6339e0d2a98f3a964_
[Tue Jul 28 13:05:44 2026]
Finished job 15.
55 of 193 steps (28%) done
Select jobs to execute...

[Tue Jul 28 13:05:44 2026]
rule region_filter_reads:
    input: results/region/V9/trimmed/RnDD_260713_3_RnDD-16S_n0_R1.fq.gz, results/region/V9/trimmed/RnDD_260713_3_RnDD-16S_n0_R2.fq.gz
    output: results/region/V9/qc/RnDD_260713_3_RnDD-16S_n0_R1.fq.gz, results/region/V9/qc/RnDD_260713_3_RnDD-16S_n0_R2.fq.gz, results/region/V9/filter_stats/RnDD_260713_3_RnDD-16S_n0.rds
    log: logs/region_filter_reads/V9/RnDD_260713_3_RnDD-16S_n0.log
    jobid: 60
    reason: Missing output files: results/region/V9/qc/RnDD_260713_3_RnDD-16S_n0_R2.fq.gz, results/region/V9/qc/RnDD_260713_3_RnDD-16S_n0_R1.fq.gz; Input files updated by another job: results/region/V9/trimmed/RnDD_260713_3_RnDD-16S_n0_R1.fq.gz, results/region/V9/trimmed/RnDD_260713_3_RnDD-16S_n0_R2.fq.gz
    wildcards: region=V9, sample=RnDD_260713_3_RnDD-16S_n0
    resources: tmpdir=/tmp

Activating conda environment: .snakemake/conda/90fdc60df0cf1ab6339e0d2a98f3a964_
[Tue Jul 28 13:05:45 2026]
Finished job 152.
56 of 193 steps (29%) done
Select jobs to execute...

[Tue Jul 28 13:05:45 2026]
rule region_filter_reads_se:
    input: results/region/V4_V5/trimmed/RnDD_260713_16_RnDD-16S_n0_R1.fq.gz
    output: results/region/V4_V5/qc/RnDD_260713_16_RnDD-16S_n0_R1.fq.gz, results/region/V4_V5/filter_stats/RnDD_260713_16_RnDD-16S_n0.rds
    log: logs/region_filter_reads/V4_V5/RnDD_260713_16_RnDD-16S_n0.log
    jobid: 123
    reason: Missing output files: results/region/V4_V5/qc/RnDD_260713_16_RnDD-16S_n0_R1.fq.gz; Input files updated by another job: results/region/V4_V5/trimmed/RnDD_260713_16_RnDD-16S_n0_R1.fq.gz
    wildcards: region=V4_V5, sample=RnDD_260713_16_RnDD-16S_n0
    resources: tmpdir=/tmp

Activating conda environment: .snakemake/conda/90fdc60df0cf1ab6339e0d2a98f3a964_
[Tue Jul 28 13:05:46 2026]
Finished job 125.
57 of 193 steps (30%) done
Select jobs to execute...

[Tue Jul 28 13:05:46 2026]
rule region_filter_reads:
    input: results/region/V1_V2/trimmed/RnDD_260713_16_RnDD-16S_n0_R1.fq.gz, results/region/V1_V2/trimmed/RnDD_260713_16_RnDD-16S_n0_R2.fq.gz
    output: results/region/V1_V2/qc/RnDD_260713_16_RnDD-16S_n0_R1.fq.gz, results/region/V1_V2/qc/RnDD_260713_16_RnDD-16S_n0_R2.fq.gz, results/region/V1_V2/filter_stats/RnDD_260713_16_RnDD-16S_n0.rds
    log: logs/region_filter_reads/V1_V2/RnDD_260713_16_RnDD-16S_n0.log
    jobid: 13
    reason: Missing output files: results/region/V1_V2/qc/RnDD_260713_16_RnDD-16S_n0_R2.fq.gz, results/region/V1_V2/qc/RnDD_260713_16_RnDD-16S_n0_R1.fq.gz; Input files updated by another job: results/region/V1_V2/trimmed/RnDD_260713_16_RnDD-16S_n0_R1.fq.gz, results/region/V1_V2/trimmed/RnDD_260713_16_RnDD-16S_n0_R2.fq.gz
    wildcards: region=V1_V2, sample=RnDD_260713_16_RnDD-16S_n0
    resources: tmpdir=/tmp

Activating conda environment: .snakemake/conda/90fdc60df0cf1ab6339e0d2a98f3a964_
[Tue Jul 28 13:05:48 2026]
Finished job 63.
58 of 193 steps (30%) done
Select jobs to execute...

[Tue Jul 28 13:05:48 2026]
rule region_filter_reads:
    input: results/region/V1_V2/trimmed/RnDD_260713_15_RnDD-16S_n0_R1.fq.gz, results/region/V1_V2/trimmed/RnDD_260713_15_RnDD-16S_n0_R2.fq.gz
    output: results/region/V1_V2/qc/RnDD_260713_15_RnDD-16S_n0_R1.fq.gz, results/region/V1_V2/qc/RnDD_260713_15_RnDD-16S_n0_R2.fq.gz, results/region/V1_V2/filter_stats/RnDD_260713_15_RnDD-16S_n0.rds
    log: logs/region_filter_reads/V1_V2/RnDD_260713_15_RnDD-16S_n0.log
    jobid: 9
    reason: Missing output files: results/region/V1_V2/qc/RnDD_260713_15_RnDD-16S_n0_R1.fq.gz, results/region/V1_V2/qc/RnDD_260713_15_RnDD-16S_n0_R2.fq.gz; Input files updated by another job: results/region/V1_V2/trimmed/RnDD_260713_15_RnDD-16S_n0_R2.fq.gz, results/region/V1_V2/trimmed/RnDD_260713_15_RnDD-16S_n0_R1.fq.gz
    wildcards: region=V1_V2, sample=RnDD_260713_15_RnDD-16S_n0
    resources: tmpdir=/tmp

Activating conda environment: .snakemake/conda/90fdc60df0cf1ab6339e0d2a98f3a964_
[Tue Jul 28 13:05:50 2026]
Finished job 131.
59 of 193 steps (31%) done
Select jobs to execute...

[Tue Jul 28 13:05:50 2026]
rule region_dereplication_se:
    input: results/region/V4_V5/qc/RnDD_260713_3_RnDD-16S_n0_R1.fq.gz
    output: results/region/V4_V5/derep/RnDD_260713_3_RnDD-16S_n0_R1.rds
    log: logs/region_dereplication/V4_V5/RnDD_260713_3_RnDD-16S_n0.log
    jobid: 142
    reason: Missing output files: results/region/V4_V5/derep/RnDD_260713_3_RnDD-16S_n0_R1.rds; Input files updated by another job: results/region/V4_V5/qc/RnDD_260713_3_RnDD-16S_n0_R1.fq.gz
    wildcards: region=V4_V5, sample=RnDD_260713_3_RnDD-16S_n0
    resources: tmpdir=/tmp

Activating conda environment: .snakemake/conda/90fdc60df0cf1ab6339e0d2a98f3a964_
[Tue Jul 28 13:05:51 2026]
Finished job 162.
60 of 193 steps (31%) done
Select jobs to execute...

[Tue Jul 28 13:05:51 2026]
rule region_dereplication_se:
    input: results/region/V6_V8/qc/RnDD_260713_2_RnDD-16S_n0_R1.fq.gz
    output: results/region/V6_V8/derep/RnDD_260713_2_RnDD-16S_n0_R1.rds
    log: logs/region_dereplication/V6_V8/RnDD_260713_2_RnDD-16S_n0.log
    jobid: 173
    reason: Missing output files: results/region/V6_V8/derep/RnDD_260713_2_RnDD-16S_n0_R1.rds; Input files updated by another job: results/region/V6_V8/qc/RnDD_260713_2_RnDD-16S_n0_R1.fq.gz
    wildcards: region=V6_V8, sample=RnDD_260713_2_RnDD-16S_n0
    resources: tmpdir=/tmp

Activating conda environment: .snakemake/conda/90fdc60df0cf1ab6339e0d2a98f3a964_
[Tue Jul 28 13:05:51 2026]
Finished job 92.
61 of 193 steps (32%) done
Select jobs to execute...

[Tue Jul 28 13:05:52 2026]
rule region_dereplication_se:
    input: results/region/V3_V4/qc/RnDD_260713_17_RnDD-16S_n0_R1.fq.gz
    output: results/region/V3_V4/derep/RnDD_260713_17_RnDD-16S_n0_R1.rds
    log: logs/region_dereplication/V3_V4/RnDD_260713_17_RnDD-16S_n0.log
    jobid: 103
    reason: Missing output files: results/region/V3_V4/derep/RnDD_260713_17_RnDD-16S_n0_R1.rds; Input files updated by another job: results/region/V3_V4/qc/RnDD_260713_17_RnDD-16S_n0_R1.fq.gz
    wildcards: region=V3_V4, sample=RnDD_260713_17_RnDD-16S_n0
    resources: tmpdir=/tmp

Activating conda environment: .snakemake/conda/90fdc60df0cf1ab6339e0d2a98f3a964_
[Tue Jul 28 13:05:56 2026]
Finished job 86.
62 of 193 steps (32%) done
Select jobs to execute...

[Tue Jul 28 13:05:56 2026]
rule region_dereplication_se:
    input: results/region/V4_V5/qc/RnDD_260713_17_RnDD-16S_n0_R1.fq.gz
    output: results/region/V4_V5/derep/RnDD_260713_17_RnDD-16S_n0_R1.rds
    log: logs/region_dereplication/V4_V5/RnDD_260713_17_RnDD-16S_n0.log
    jobid: 136
    reason: Missing output files: results/region/V4_V5/derep/RnDD_260713_17_RnDD-16S_n0_R1.rds; Input files updated by another job: results/region/V4_V5/qc/RnDD_260713_17_RnDD-16S_n0_R1.fq.gz
    wildcards: region=V4_V5, sample=RnDD_260713_17_RnDD-16S_n0
    resources: tmpdir=/tmp

Activating conda environment: .snakemake/conda/90fdc60df0cf1ab6339e0d2a98f3a964_
[Tue Jul 28 13:05:57 2026]
Finished job 19.
63 of 193 steps (33%) done
Select jobs to execute...

[Tue Jul 28 13:05:57 2026]
rule region_dereplication:
    input: results/region/V1_V2/qc/RnDD_260713_2_RnDD-16S_n0_R1.fq.gz, results/region/V1_V2/qc/RnDD_260713_2_RnDD-16S_n0_R2.fq.gz
    output: results/region/V1_V2/derep/RnDD_260713_2_RnDD-16S_n0_R1.rds, results/region/V1_V2/derep/RnDD_260713_2_RnDD-16S_n0_R2.rds
    log: logs/region_dereplication/V1_V2/RnDD_260713_2_RnDD-16S_n0.log
    jobid: 33
    reason: Missing output files: results/region/V1_V2/derep/RnDD_260713_2_RnDD-16S_n0_R2.rds, results/region/V1_V2/derep/RnDD_260713_2_RnDD-16S_n0_R1.rds; Input files updated by another job: results/region/V1_V2/qc/RnDD_260713_2_RnDD-16S_n0_R1.fq.gz, results/region/V1_V2/qc/RnDD_260713_2_RnDD-16S_n0_R2.fq.gz
    wildcards: region=V1_V2, sample=RnDD_260713_2_RnDD-16S_n0
    resources: tmpdir=/tmp

Activating conda environment: .snakemake/conda/90fdc60df0cf1ab6339e0d2a98f3a964_
[Tue Jul 28 13:06:00 2026]
Finished job 138.
64 of 193 steps (33%) done
Select jobs to execute...

[Tue Jul 28 13:06:00 2026]
rule demux_region:
    input: data/raw/RnDD_260713_17_RnDD-16S_n0/202607132008_RA01230801023_5P260413092US292662D3_RnD_SRSLY_16S_NPO_260713_RnDD_260713_17_RnDD-16S_n0_L00_R1.fq.gz, data/raw/RnDD_260713_17_RnDD-16S_n0/202607132008_RA01230801023_5P260413092US292662D3_RnD_SRSLY_16S_NPO_260713_RnDD_260713_17_RnDD-16S_n0_L00_R2.fq.gz
    output: results/region/V6_V8/trimmed/RnDD_260713_17_RnDD-16S_n0_R1.fq.gz, results/region/V6_V8/trimmed/RnDD_260713_17_RnDD-16S_n0_R2.fq.gz
    log: logs/demux_region/V6_V8/RnDD_260713_17_RnDD-16S_n0.log
    jobid: 159
    reason: Missing output files: results/region/V6_V8/trimmed/RnDD_260713_17_RnDD-16S_n0_R1.fq.gz
    wildcards: region=V6_V8, sample=RnDD_260713_17_RnDD-16S_n0
    resources: tmpdir=/tmp

Activating conda environment: .snakemake/conda/a506e5f6c57d7ec81ceda62998b8c01f_
[Tue Jul 28 13:06:03 2026]
Finished job 159.
65 of 193 steps (34%) done
Select jobs to execute...

[Tue Jul 28 13:06:03 2026]
rule region_dereplication:
    input: results/region/V1_V2/qc/RnDD_260713_17_RnDD-16S_n0_R1.fq.gz, results/region/V1_V2/qc/RnDD_260713_17_RnDD-16S_n0_R2.fq.gz
    output: results/region/V1_V2/derep/RnDD_260713_17_RnDD-16S_n0_R1.rds, results/region/V1_V2/derep/RnDD_260713_17_RnDD-16S_n0_R2.rds
    log: logs/region_dereplication/V1_V2/RnDD_260713_17_RnDD-16S_n0.log
    jobid: 27
    reason: Missing output files: results/region/V1_V2/derep/RnDD_260713_17_RnDD-16S_n0_R2.rds, results/region/V1_V2/derep/RnDD_260713_17_RnDD-16S_n0_R1.rds; Input files updated by another job: results/region/V1_V2/qc/RnDD_260713_17_RnDD-16S_n0_R2.fq.gz, results/region/V1_V2/qc/RnDD_260713_17_RnDD-16S_n0_R1.fq.gz
    wildcards: region=V1_V2, sample=RnDD_260713_17_RnDD-16S_n0
    resources: tmpdir=/tmp

Activating conda environment: .snakemake/conda/90fdc60df0cf1ab6339e0d2a98f3a964_
[Tue Jul 28 13:06:04 2026]
Finished job 72.
66 of 193 steps (34%) done
Select jobs to execute...

[Tue Jul 28 13:06:04 2026]
rule region_filter_reads_se:
    input: results/region/V6_V8/trimmed/RnDD_260713_17_RnDD-16S_n0_R1.fq.gz
    output: results/region/V6_V8/qc/RnDD_260713_17_RnDD-16S_n0_R1.fq.gz, results/region/V6_V8/filter_stats/RnDD_260713_17_RnDD-16S_n0.rds
    log: logs/region_filter_reads/V6_V8/RnDD_260713_17_RnDD-16S_n0.log
    jobid: 158
    reason: Missing output files: results/region/V6_V8/qc/RnDD_260713_17_RnDD-16S_n0_R1.fq.gz; Input files updated by another job: results/region/V6_V8/trimmed/RnDD_260713_17_RnDD-16S_n0_R1.fq.gz
    wildcards: region=V6_V8, sample=RnDD_260713_17_RnDD-16S_n0
    resources: tmpdir=/tmp

Activating conda environment: .snakemake/conda/90fdc60df0cf1ab6339e0d2a98f3a964_
[Tue Jul 28 13:06:17 2026]
Finished job 123.
67 of 193 steps (35%) done
Select jobs to execute...

[Tue Jul 28 13:06:17 2026]
rule region_filter_reads_se:
    input: results/region/V4_V5/trimmed/RnDD_260713_15_RnDD-16S_n0_R1.fq.gz
    output: results/region/V4_V5/qc/RnDD_260713_15_RnDD-16S_n0_R1.fq.gz, results/region/V4_V5/filter_stats/RnDD_260713_15_RnDD-16S_n0.rds
    log: logs/region_filter_reads/V4_V5/RnDD_260713_15_RnDD-16S_n0.log
    jobid: 120
    reason: Missing output files: results/region/V4_V5/qc/RnDD_260713_15_RnDD-16S_n0_R1.fq.gz; Input files updated by another job: results/region/V4_V5/trimmed/RnDD_260713_15_RnDD-16S_n0_R1.fq.gz
    wildcards: region=V4_V5, sample=RnDD_260713_15_RnDD-16S_n0
    resources: tmpdir=/tmp

Activating conda environment: .snakemake/conda/90fdc60df0cf1ab6339e0d2a98f3a964_
[Tue Jul 28 13:06:19 2026]
Finished job 17.
68 of 193 steps (35%) done
Select jobs to execute...

[Tue Jul 28 13:06:19 2026]
rule region_dereplication:
    input: results/region/V1_V2/qc/RnDD_260713_1_RnDD-16S_n0_R1.fq.gz, results/region/V1_V2/qc/RnDD_260713_1_RnDD-16S_n0_R2.fq.gz
    output: results/region/V1_V2/derep/RnDD_260713_1_RnDD-16S_n0_R1.rds, results/region/V1_V2/derep/RnDD_260713_1_RnDD-16S_n0_R2.rds
    log: logs/region_dereplication/V1_V2/RnDD_260713_1_RnDD-16S_n0.log
    jobid: 30
    reason: Missing output files: results/region/V1_V2/derep/RnDD_260713_1_RnDD-16S_n0_R2.rds, results/region/V1_V2/derep/RnDD_260713_1_RnDD-16S_n0_R1.rds; Input files updated by another job: results/region/V1_V2/qc/RnDD_260713_1_RnDD-16S_n0_R2.fq.gz, results/region/V1_V2/qc/RnDD_260713_1_RnDD-16S_n0_R1.fq.gz
    wildcards: region=V1_V2, sample=RnDD_260713_1_RnDD-16S_n0
    resources: tmpdir=/tmp

Activating conda environment: .snakemake/conda/90fdc60df0cf1ab6339e0d2a98f3a964_
[Tue Jul 28 13:06:22 2026]
Finished job 142.
69 of 193 steps (36%) done
Select jobs to execute...

[Tue Jul 28 13:06:22 2026]
rule region_dereplication_se:
    input: results/region/V4_V5/qc/RnDD_260713_16_RnDD-16S_n0_R1.fq.gz
    output: results/region/V4_V5/derep/RnDD_260713_16_RnDD-16S_n0_R1.rds
    log: logs/region_dereplication/V4_V5/RnDD_260713_16_RnDD-16S_n0.log
    jobid: 134
    reason: Missing output files: results/region/V4_V5/derep/RnDD_260713_16_RnDD-16S_n0_R1.rds; Input files updated by another job: results/region/V4_V5/qc/RnDD_260713_16_RnDD-16S_n0_R1.fq.gz
    wildcards: region=V4_V5, sample=RnDD_260713_16_RnDD-16S_n0
    resources: tmpdir=/tmp

Activating conda environment: .snakemake/conda/90fdc60df0cf1ab6339e0d2a98f3a964_
[Tue Jul 28 13:06:22 2026]
Finished job 173.
70 of 193 steps (36%) done
Select jobs to execute...

[Tue Jul 28 13:06:22 2026]
rule region_dereplication:
    input: results/region/V9/qc/RnDD_260713_1_RnDD-16S_n0_R1.fq.gz, results/region/V9/qc/RnDD_260713_1_RnDD-16S_n0_R2.fq.gz
    output: results/region/V9/derep/RnDD_260713_1_RnDD-16S_n0_R1.rds, results/region/V9/derep/RnDD_260713_1_RnDD-16S_n0_R2.rds
    log: logs/region_dereplication/V9/RnDD_260713_1_RnDD-16S_n0.log
    jobid: 69
    reason: Missing output files: results/region/V9/derep/RnDD_260713_1_RnDD-16S_n0_R1.rds, results/region/V9/derep/RnDD_260713_1_RnDD-16S_n0_R2.rds; Input files updated by another job: results/region/V9/qc/RnDD_260713_1_RnDD-16S_n0_R2.fq.gz, results/region/V9/qc/RnDD_260713_1_RnDD-16S_n0_R1.fq.gz
    wildcards: region=V9, sample=RnDD_260713_1_RnDD-16S_n0
    resources: tmpdir=/tmp

Activating conda environment: .snakemake/conda/90fdc60df0cf1ab6339e0d2a98f3a964_
[Tue Jul 28 13:06:23 2026]
Finished job 60.
71 of 193 steps (37%) done
Select jobs to execute...

[Tue Jul 28 13:06:23 2026]
rule region_error_correction:
    input: results/region/V9/qc/RnDD_260713_15_RnDD-16S_n0_R1.fq.gz, results/region/V9/qc/RnDD_260713_16_RnDD-16S_n0_R1.fq.gz, results/region/V9/qc/RnDD_260713_17_RnDD-16S_n0_R1.fq.gz, results/region/V9/qc/RnDD_260713_1_RnDD-16S_n0_R1.fq.gz, results/region/V9/qc/RnDD_260713_2_RnDD-16S_n0_R1.fq.gz, results/region/V9/qc/RnDD_260713_3_RnDD-16S_n0_R1.fq.gz, results/region/V9/qc/RnDD_260713_15_RnDD-16S_n0_R2.fq.gz, results/region/V9/qc/RnDD_260713_16_RnDD-16S_n0_R2.fq.gz, results/region/V9/qc/RnDD_260713_17_RnDD-16S_n0_R2.fq.gz, results/region/V9/qc/RnDD_260713_1_RnDD-16S_n0_R2.fq.gz, results/region/V9/qc/RnDD_260713_2_RnDD-16S_n0_R2.fq.gz, results/region/V9/qc/RnDD_260713_3_RnDD-16S_n0_R2.fq.gz
    output: results/region/V9/err_forward.rds, results/region/V9/err_reverse.rds, results/region/V9/plots/error_model_forward.pdf, results/region/V9/plots/error_model_reverse.pdf
    log: logs/region_error_correction/V9.log
    jobid: 51
    reason: Missing output files: results/region/V9/err_forward.rds, results/region/V9/err_reverse.rds; Input files updated by another job: results/region/V9/qc/RnDD_260713_16_RnDD-16S_n0_R2.fq.gz, results/region/V9/qc/RnDD_260713_2_RnDD-16S_n0_R1.fq.gz, results/region/V9/qc/RnDD_260713_1_RnDD-16S_n0_R1.fq.gz, results/region/V9/qc/RnDD_260713_16_RnDD-16S_n0_R1.fq.gz, results/region/V9/qc/RnDD_260713_3_RnDD-16S_n0_R1.fq.gz, results/region/V9/qc/RnDD_260713_15_RnDD-16S_n0_R2.fq.gz, results/region/V9/qc/RnDD_260713_17_RnDD-16S_n0_R2.fq.gz, results/region/V9/qc/RnDD_260713_3_RnDD-16S_n0_R2.fq.gz, results/region/V9/qc/RnDD_260713_2_RnDD-16S_n0_R2.fq.gz, results/region/V9/qc/RnDD_260713_15_RnDD-16S_n0_R1.fq.gz, results/region/V9/qc/RnDD_260713_17_RnDD-16S_n0_R1.fq.gz, results/region/V9/qc/RnDD_260713_1_RnDD-16S_n0_R2.fq.gz
    wildcards: region=V9
    resources: tmpdir=/tmp

Activating conda environment: .snakemake/conda/90fdc60df0cf1ab6339e0d2a98f3a964_
[Tue Jul 28 13:06:23 2026]
Finished job 103.
72 of 193 steps (37%) done
Select jobs to execute...

[Tue Jul 28 13:06:23 2026]
rule region_dereplication:
    input: results/region/V9/qc/RnDD_260713_3_RnDD-16S_n0_R1.fq.gz, results/region/V9/qc/RnDD_260713_3_RnDD-16S_n0_R2.fq.gz
    output: results/region/V9/derep/RnDD_260713_3_RnDD-16S_n0_R1.rds, results/region/V9/derep/RnDD_260713_3_RnDD-16S_n0_R2.rds
    log: logs/region_dereplication/V9/RnDD_260713_3_RnDD-16S_n0.log
    jobid: 75
    reason: Missing output files: results/region/V9/derep/RnDD_260713_3_RnDD-16S_n0_R1.rds, results/region/V9/derep/RnDD_260713_3_RnDD-16S_n0_R2.rds; Input files updated by another job: results/region/V9/qc/RnDD_260713_3_RnDD-16S_n0_R2.fq.gz, results/region/V9/qc/RnDD_260713_3_RnDD-16S_n0_R1.fq.gz
    wildcards: region=V9, sample=RnDD_260713_3_RnDD-16S_n0
    resources: tmpdir=/tmp

Activating conda environment: .snakemake/conda/90fdc60df0cf1ab6339e0d2a98f3a964_
[Tue Jul 28 13:06:26 2026]
Finished job 13.
73 of 193 steps (38%) done
Select jobs to execute...

[Tue Jul 28 13:06:26 2026]
rule region_dereplication:
    input: results/region/V1_V2/qc/RnDD_260713_16_RnDD-16S_n0_R1.fq.gz, results/region/V1_V2/qc/RnDD_260713_16_RnDD-16S_n0_R2.fq.gz
    output: results/region/V1_V2/derep/RnDD_260713_16_RnDD-16S_n0_R1.rds, results/region/V1_V2/derep/RnDD_260713_16_RnDD-16S_n0_R2.rds
    log: logs/region_dereplication/V1_V2/RnDD_260713_16_RnDD-16S_n0.log
    jobid: 24
    reason: Missing output files: results/region/V1_V2/derep/RnDD_260713_16_RnDD-16S_n0_R2.rds, results/region/V1_V2/derep/RnDD_260713_16_RnDD-16S_n0_R1.rds; Input files updated by another job: results/region/V1_V2/qc/RnDD_260713_16_RnDD-16S_n0_R2.fq.gz, results/region/V1_V2/qc/RnDD_260713_16_RnDD-16S_n0_R1.fq.gz
    wildcards: region=V1_V2, sample=RnDD_260713_16_RnDD-16S_n0
    resources: tmpdir=/tmp

Activating conda environment: .snakemake/conda/90fdc60df0cf1ab6339e0d2a98f3a964_
[Tue Jul 28 13:06:26 2026]
Finished job 9.
74 of 193 steps (38%) done
Select jobs to execute...

[Tue Jul 28 13:06:26 2026]
rule region_dereplication:
    input: results/region/V1_V2/qc/RnDD_260713_15_RnDD-16S_n0_R1.fq.gz, results/region/V1_V2/qc/RnDD_260713_15_RnDD-16S_n0_R2.fq.gz
    output: results/region/V1_V2/derep/RnDD_260713_15_RnDD-16S_n0_R1.rds, results/region/V1_V2/derep/RnDD_260713_15_RnDD-16S_n0_R2.rds
    log: logs/region_dereplication/V1_V2/RnDD_260713_15_RnDD-16S_n0.log
    jobid: 8
    reason: Missing output files: results/region/V1_V2/derep/RnDD_260713_15_RnDD-16S_n0_R1.rds, results/region/V1_V2/derep/RnDD_260713_15_RnDD-16S_n0_R2.rds; Input files updated by another job: results/region/V1_V2/qc/RnDD_260713_15_RnDD-16S_n0_R1.fq.gz, results/region/V1_V2/qc/RnDD_260713_15_RnDD-16S_n0_R2.fq.gz
    wildcards: region=V1_V2, sample=RnDD_260713_15_RnDD-16S_n0
    resources: tmpdir=/tmp

Activating conda environment: .snakemake/conda/90fdc60df0cf1ab6339e0d2a98f3a964_
[Tue Jul 28 13:06:27 2026]
Finished job 136.
75 of 193 steps (39%) done
Select jobs to execute...

[Tue Jul 28 13:06:27 2026]
rule region_error_correction:
    input: results/region/V1_V2/qc/RnDD_260713_15_RnDD-16S_n0_R1.fq.gz, results/region/V1_V2/qc/RnDD_260713_16_RnDD-16S_n0_R1.fq.gz, results/region/V1_V2/qc/RnDD_260713_17_RnDD-16S_n0_R1.fq.gz, results/region/V1_V2/qc/RnDD_260713_1_RnDD-16S_n0_R1.fq.gz, results/region/V1_V2/qc/RnDD_260713_2_RnDD-16S_n0_R1.fq.gz, results/region/V1_V2/qc/RnDD_260713_3_RnDD-16S_n0_R1.fq.gz, results/region/V1_V2/qc/RnDD_260713_15_RnDD-16S_n0_R2.fq.gz, results/region/V1_V2/qc/RnDD_260713_16_RnDD-16S_n0_R2.fq.gz, results/region/V1_V2/qc/RnDD_260713_17_RnDD-16S_n0_R2.fq.gz, results/region/V1_V2/qc/RnDD_260713_1_RnDD-16S_n0_R2.fq.gz, results/region/V1_V2/qc/RnDD_260713_2_RnDD-16S_n0_R2.fq.gz, results/region/V1_V2/qc/RnDD_260713_3_RnDD-16S_n0_R2.fq.gz
    output: results/region/V1_V2/err_forward.rds, results/region/V1_V2/err_reverse.rds, results/region/V1_V2/plots/error_model_forward.pdf, results/region/V1_V2/plots/error_model_reverse.pdf
    log: logs/region_error_correction/V1_V2.log
    jobid: 12
    reason: Missing output files: results/region/V1_V2/err_reverse.rds, results/region/V1_V2/err_forward.rds; Input files updated by another job: results/region/V1_V2/qc/RnDD_260713_3_RnDD-16S_n0_R2.fq.gz, results/region/V1_V2/qc/RnDD_260713_17_RnDD-16S_n0_R2.fq.gz, results/region/V1_V2/qc/RnDD_260713_3_RnDD-16S_n0_R1.fq.gz, results/region/V1_V2/qc/RnDD_260713_15_RnDD-16S_n0_R1.fq.gz, results/region/V1_V2/qc/RnDD_260713_1_RnDD-16S_n0_R1.fq.gz, results/region/V1_V2/qc/RnDD_260713_2_RnDD-16S_n0_R2.fq.gz, results/region/V1_V2/qc/RnDD_260713_16_RnDD-16S_n0_R1.fq.gz, results/region/V1_V2/qc/RnDD_260713_15_RnDD-16S_n0_R2.fq.gz, results/region/V1_V2/qc/RnDD_260713_16_RnDD-16S_n0_R2.fq.gz, results/region/V1_V2/qc/RnDD_260713_17_RnDD-16S_n0_R1.fq.gz, results/region/V1_V2/qc/RnDD_260713_1_RnDD-16S_n0_R2.fq.gz, results/region/V1_V2/qc/RnDD_260713_2_RnDD-16S_n0_R1.fq.gz
    wildcards: region=V1_V2
    resources: tmpdir=/tmp

Activating conda environment: .snakemake/conda/90fdc60df0cf1ab6339e0d2a98f3a964_
[Tue Jul 28 13:06:28 2026]
Finished job 33.
76 of 193 steps (39%) done
Select jobs to execute...

[Tue Jul 28 13:06:28 2026]
rule region_filter_reads_se:
    input: results/region/V3_V4/trimmed/RnDD_260713_1_RnDD-16S_n0_R1.fq.gz
    output: results/region/V3_V4/qc/RnDD_260713_1_RnDD-16S_n0_R1.fq.gz, results/region/V3_V4/filter_stats/RnDD_260713_1_RnDD-16S_n0.rds
    log: logs/region_filter_reads/V3_V4/RnDD_260713_1_RnDD-16S_n0.log
    jobid: 94
    reason: Missing output files: results/region/V3_V4/qc/RnDD_260713_1_RnDD-16S_n0_R1.fq.gz; Input files updated by another job: results/region/V3_V4/trimmed/RnDD_260713_1_RnDD-16S_n0_R1.fq.gz
    wildcards: region=V3_V4, sample=RnDD_260713_1_RnDD-16S_n0
    resources: tmpdir=/tmp

Activating conda environment: .snakemake/conda/90fdc60df0cf1ab6339e0d2a98f3a964_
[Tue Jul 28 13:06:35 2026]
Finished job 158.
77 of 193 steps (40%) done
Select jobs to execute...

[Tue Jul 28 13:06:35 2026]
rule region_error_correction_se:
    input: results/region/V6_V8/qc/RnDD_260713_15_RnDD-16S_n0_R1.fq.gz, results/region/V6_V8/qc/RnDD_260713_16_RnDD-16S_n0_R1.fq.gz, results/region/V6_V8/qc/RnDD_260713_17_RnDD-16S_n0_R1.fq.gz, results/region/V6_V8/qc/RnDD_260713_1_RnDD-16S_n0_R1.fq.gz, results/region/V6_V8/qc/RnDD_260713_2_RnDD-16S_n0_R1.fq.gz, results/region/V6_V8/qc/RnDD_260713_3_RnDD-16S_n0_R1.fq.gz
    output: results/region/V6_V8/err_forward.rds, results/region/V6_V8/plots/error_model_forward.pdf
    log: logs/region_error_correction/V6_V8.log
    jobid: 155
    reason: Missing output files: results/region/V6_V8/err_forward.rds; Input files updated by another job: results/region/V6_V8/qc/RnDD_260713_1_RnDD-16S_n0_R1.fq.gz, results/region/V6_V8/qc/RnDD_260713_17_RnDD-16S_n0_R1.fq.gz, results/region/V6_V8/qc/RnDD_260713_2_RnDD-16S_n0_R1.fq.gz, results/region/V6_V8/qc/RnDD_260713_3_RnDD-16S_n0_R1.fq.gz, results/region/V6_V8/qc/RnDD_260713_15_RnDD-16S_n0_R1.fq.gz, results/region/V6_V8/qc/RnDD_260713_16_RnDD-16S_n0_R1.fq.gz
    wildcards: region=V6_V8
    resources: tmpdir=/tmp

Activating conda environment: .snakemake/conda/90fdc60df0cf1ab6339e0d2a98f3a964_
[Tue Jul 28 13:06:35 2026]
Finished job 27.
78 of 193 steps (40%) done
Select jobs to execute...

[Tue Jul 28 13:06:35 2026]
rule region_dereplication_se:
    input: results/region/V3_V4/qc/RnDD_260713_2_RnDD-16S_n0_R1.fq.gz
    output: results/region/V3_V4/derep/RnDD_260713_2_RnDD-16S_n0_R1.rds
    log: logs/region_dereplication/V3_V4/RnDD_260713_2_RnDD-16S_n0.log
    jobid: 107
    reason: Missing output files: results/region/V3_V4/derep/RnDD_260713_2_RnDD-16S_n0_R1.rds; Input files updated by another job: results/region/V3_V4/qc/RnDD_260713_2_RnDD-16S_n0_R1.fq.gz
    wildcards: region=V3_V4, sample=RnDD_260713_2_RnDD-16S_n0
    resources: tmpdir=/tmp

Activating conda environment: .snakemake/conda/90fdc60df0cf1ab6339e0d2a98f3a964_
[Tue Jul 28 13:06:49 2026]
Finished job 120.
79 of 193 steps (41%) done
Select jobs to execute...

[Tue Jul 28 13:06:49 2026]
rule region_error_correction_se:
    input: results/region/V4_V5/qc/RnDD_260713_15_RnDD-16S_n0_R1.fq.gz, results/region/V4_V5/qc/RnDD_260713_16_RnDD-16S_n0_R1.fq.gz, results/region/V4_V5/qc/RnDD_260713_17_RnDD-16S_n0_R1.fq.gz, results/region/V4_V5/qc/RnDD_260713_1_RnDD-16S_n0_R1.fq.gz, results/region/V4_V5/qc/RnDD_260713_2_RnDD-16S_n0_R1.fq.gz, results/region/V4_V5/qc/RnDD_260713_3_RnDD-16S_n0_R1.fq.gz
    output: results/region/V4_V5/err_forward.rds, results/region/V4_V5/plots/error_model_forward.pdf
    log: logs/region_error_correction/V4_V5.log
    jobid: 122
    reason: Missing output files: results/region/V4_V5/err_forward.rds; Input files updated by another job: results/region/V4_V5/qc/RnDD_260713_16_RnDD-16S_n0_R1.fq.gz, results/region/V4_V5/qc/RnDD_260713_15_RnDD-16S_n0_R1.fq.gz, results/region/V4_V5/qc/RnDD_260713_2_RnDD-16S_n0_R1.fq.gz, results/region/V4_V5/qc/RnDD_260713_3_RnDD-16S_n0_R1.fq.gz, results/region/V4_V5/qc/RnDD_260713_17_RnDD-16S_n0_R1.fq.gz, results/region/V4_V5/qc/RnDD_260713_1_RnDD-16S_n0_R1.fq.gz
    wildcards: region=V4_V5
    resources: tmpdir=/tmp

Activating conda environment: .snakemake/conda/90fdc60df0cf1ab6339e0d2a98f3a964_
[Tue Jul 28 13:06:51 2026]
Finished job 30.
80 of 193 steps (41%) done
Select jobs to execute...

[Tue Jul 28 13:06:51 2026]
rule region_dereplication_se:
    input: results/region/V6_V8/qc/RnDD_260713_17_RnDD-16S_n0_R1.fq.gz
    output: results/region/V6_V8/derep/RnDD_260713_17_RnDD-16S_n0_R1.rds
    log: logs/region_dereplication/V6_V8/RnDD_260713_17_RnDD-16S_n0.log
    jobid: 169
    reason: Missing output files: results/region/V6_V8/derep/RnDD_260713_17_RnDD-16S_n0_R1.rds; Input files updated by another job: results/region/V6_V8/qc/RnDD_260713_17_RnDD-16S_n0_R1.fq.gz
    wildcards: region=V6_V8, sample=RnDD_260713_17_RnDD-16S_n0
    resources: tmpdir=/tmp

Activating conda environment: .snakemake/conda/90fdc60df0cf1ab6339e0d2a98f3a964_
[Tue Jul 28 13:06:53 2026]
Finished job 134.
81 of 193 steps (42%) done
Select jobs to execute...

[Tue Jul 28 13:06:53 2026]
rule region_dereplication_se:
    input: results/region/V4_V5/qc/RnDD_260713_15_RnDD-16S_n0_R1.fq.gz
    output: results/region/V4_V5/derep/RnDD_260713_15_RnDD-16S_n0_R1.rds
    log: logs/region_dereplication/V4_V5/RnDD_260713_15_RnDD-16S_n0.log
    jobid: 119
    reason: Missing output files: results/region/V4_V5/derep/RnDD_260713_15_RnDD-16S_n0_R1.rds; Input files updated by another job: results/region/V4_V5/qc/RnDD_260713_15_RnDD-16S_n0_R1.fq.gz
    wildcards: region=V4_V5, sample=RnDD_260713_15_RnDD-16S_n0
    resources: tmpdir=/tmp

Activating conda environment: .snakemake/conda/90fdc60df0cf1ab6339e0d2a98f3a964_
[Tue Jul 28 13:06:56 2026]
Finished job 69.
82 of 193 steps (42%) done
[Tue Jul 28 13:06:57 2026]
Finished job 75.
83 of 193 steps (43%) done
[Tue Jul 28 13:06:59 2026]
Finished job 24.
84 of 193 steps (44%) done
[Tue Jul 28 13:07:00 2026]
Finished job 8.
85 of 193 steps (44%) done
[Tue Jul 28 13:07:00 2026]
Finished job 94.
86 of 193 steps (45%) done
Select jobs to execute...

[Tue Jul 28 13:07:00 2026]
rule region_dereplication_se:
    input: results/region/V3_V4/qc/RnDD_260713_1_RnDD-16S_n0_R1.fq.gz
    output: results/region/V3_V4/derep/RnDD_260713_1_RnDD-16S_n0_R1.rds
    log: logs/region_dereplication/V3_V4/RnDD_260713_1_RnDD-16S_n0.log
    jobid: 105
    reason: Missing output files: results/region/V3_V4/derep/RnDD_260713_1_RnDD-16S_n0_R1.rds; Input files updated by another job: results/region/V3_V4/qc/RnDD_260713_1_RnDD-16S_n0_R1.fq.gz
    wildcards: region=V3_V4, sample=RnDD_260713_1_RnDD-16S_n0
    resources: tmpdir=/tmp

[Tue Jul 28 13:07:00 2026]
rule region_error_correction_se:
    input: results/region/V3_V4/qc/RnDD_260713_15_RnDD-16S_n0_R1.fq.gz, results/region/V3_V4/qc/RnDD_260713_16_RnDD-16S_n0_R1.fq.gz, results/region/V3_V4/qc/RnDD_260713_17_RnDD-16S_n0_R1.fq.gz, results/region/V3_V4/qc/RnDD_260713_1_RnDD-16S_n0_R1.fq.gz, results/region/V3_V4/qc/RnDD_260713_2_RnDD-16S_n0_R1.fq.gz, results/region/V3_V4/qc/RnDD_260713_3_RnDD-16S_n0_R1.fq.gz
    output: results/region/V3_V4/err_forward.rds, results/region/V3_V4/plots/error_model_forward.pdf
    log: logs/region_error_correction/V3_V4.log
    jobid: 89
    reason: Missing output files: results/region/V3_V4/err_forward.rds; Input files updated by another job: results/region/V3_V4/qc/RnDD_260713_15_RnDD-16S_n0_R1.fq.gz, results/region/V3_V4/qc/RnDD_260713_16_RnDD-16S_n0_R1.fq.gz, results/region/V3_V4/qc/RnDD_260713_1_RnDD-16S_n0_R1.fq.gz, results/region/V3_V4/qc/RnDD_260713_3_RnDD-16S_n0_R1.fq.gz, results/region/V3_V4/qc/RnDD_260713_17_RnDD-16S_n0_R1.fq.gz, results/region/V3_V4/qc/RnDD_260713_2_RnDD-16S_n0_R1.fq.gz
    wildcards: region=V3_V4
    resources: tmpdir=/tmp

Activating conda environment: .snakemake/conda/90fdc60df0cf1ab6339e0d2a98f3a964_
Activating conda environment: .snakemake/conda/90fdc60df0cf1ab6339e0d2a98f3a964_
[Tue Jul 28 13:07:05 2026]
Finished job 107.
87 of 193 steps (45%) done
[Tue Jul 28 13:07:10 2026]
Finished job 155.
88 of 193 steps (46%) done
Select jobs to execute...

[Tue Jul 28 13:07:10 2026]
rule region_dada2_inference_se:
    input: results/region/V6_V8/derep/RnDD_260713_16_RnDD-16S_n0_R1.rds, results/region/V6_V8/err_forward.rds
    output: results/region/V6_V8/dada/RnDD_260713_16_RnDD-16S_n0_R1.rds
    log: logs/region_dada2_inference/V6_V8/RnDD_260713_16_RnDD-16S_n0.log
    jobid: 166
    reason: Missing output files: results/region/V6_V8/dada/RnDD_260713_16_RnDD-16S_n0_R1.rds; Input files updated by another job: results/region/V6_V8/derep/RnDD_260713_16_RnDD-16S_n0_R1.rds, results/region/V6_V8/err_forward.rds
    wildcards: region=V6_V8, sample=RnDD_260713_16_RnDD-16S_n0
    resources: tmpdir=/tmp

[Tue Jul 28 13:07:10 2026]
rule region_dada2_inference_se:
    input: results/region/V6_V8/derep/RnDD_260713_1_RnDD-16S_n0_R1.rds, results/region/V6_V8/err_forward.rds
    output: results/region/V6_V8/dada/RnDD_260713_1_RnDD-16S_n0_R1.rds
    log: logs/region_dada2_inference/V6_V8/RnDD_260713_1_RnDD-16S_n0.log
    jobid: 170
    reason: Missing output files: results/region/V6_V8/dada/RnDD_260713_1_RnDD-16S_n0_R1.rds; Input files updated by another job: results/region/V6_V8/err_forward.rds, results/region/V6_V8/derep/RnDD_260713_1_RnDD-16S_n0_R1.rds
    wildcards: region=V6_V8, sample=RnDD_260713_1_RnDD-16S_n0
    resources: tmpdir=/tmp

[Tue Jul 28 13:07:10 2026]
rule region_dada2_inference_se:
    input: results/region/V6_V8/derep/RnDD_260713_2_RnDD-16S_n0_R1.rds, results/region/V6_V8/err_forward.rds
    output: results/region/V6_V8/dada/RnDD_260713_2_RnDD-16S_n0_R1.rds
    log: logs/region_dada2_inference/V6_V8/RnDD_260713_2_RnDD-16S_n0.log
    jobid: 172
    reason: Missing output files: results/region/V6_V8/dada/RnDD_260713_2_RnDD-16S_n0_R1.rds; Input files updated by another job: results/region/V6_V8/derep/RnDD_260713_2_RnDD-16S_n0_R1.rds, results/region/V6_V8/err_forward.rds
    wildcards: region=V6_V8, sample=RnDD_260713_2_RnDD-16S_n0
    resources: tmpdir=/tmp

[Tue Jul 28 13:07:10 2026]
rule region_dada2_inference_se:
    input: results/region/V6_V8/derep/RnDD_260713_15_RnDD-16S_n0_R1.rds, results/region/V6_V8/err_forward.rds
    output: results/region/V6_V8/dada/RnDD_260713_15_RnDD-16S_n0_R1.rds
    log: logs/region_dada2_inference/V6_V8/RnDD_260713_15_RnDD-16S_n0.log
    jobid: 151
    reason: Missing output files: results/region/V6_V8/dada/RnDD_260713_15_RnDD-16S_n0_R1.rds; Input files updated by another job: results/region/V6_V8/derep/RnDD_260713_15_RnDD-16S_n0_R1.rds, results/region/V6_V8/err_forward.rds
    wildcards: region=V6_V8, sample=RnDD_260713_15_RnDD-16S_n0
    resources: tmpdir=/tmp

Activating conda environment: .snakemake/conda/90fdc60df0cf1ab6339e0d2a98f3a964_
Activating conda environment: .snakemake/conda/90fdc60df0cf1ab6339e0d2a98f3a964_

Activating conda environment: .snakemake/conda/90fdc60df0cf1ab6339e0d2a98f3a964_
[Tue Jul 28 13:07:10 2026]
rule region_dada2_inference_se:
    input: results/region/V6_V8/derep/RnDD_260713_3_RnDD-16S_n0_R1.rds, results/region/V6_V8/err_forward.rds
    output: results/region/V6_V8/dada/RnDD_260713_3_RnDD-16S_n0_R1.rds
    log: logs/region_dada2_inference/V6_V8/RnDD_260713_3_RnDD-16S_n0.log
    jobid: 174
    reason: Missing output files: results/region/V6_V8/dada/RnDD_260713_3_RnDD-16S_n0_R1.rds; Input files updated by another job: results/region/V6_V8/derep/RnDD_260713_3_RnDD-16S_n0_R1.rds, results/region/V6_V8/err_forward.rds
    wildcards: region=V6_V8, sample=RnDD_260713_3_RnDD-16S_n0
    resources: tmpdir=/tmp
Activating conda environment: .snakemake/conda/90fdc60df0cf1ab6339e0d2a98f3a964_

Activating conda environment: .snakemake/conda/90fdc60df0cf1ab6339e0d2a98f3a964_
[Tue Jul 28 13:07:12 2026]
Finished job 12.
89 of 193 steps (46%) done
Select jobs to execute...

[Tue Jul 28 13:07:12 2026]
rule region_dada2_inference:
    input: results/region/V1_V2/derep/RnDD_260713_2_RnDD-16S_n0_R1.rds, results/region/V1_V2/derep/RnDD_260713_2_RnDD-16S_n0_R2.rds, results/region/V1_V2/err_forward.rds, results/region/V1_V2/err_reverse.rds
    output: results/region/V1_V2/dada/RnDD_260713_2_RnDD-16S_n0_R1.rds, results/region/V1_V2/dada/RnDD_260713_2_RnDD-16S_n0_R2.rds
    log: logs/region_dada2_inference/V1_V2/RnDD_260713_2_RnDD-16S_n0.log
    jobid: 34
    reason: Missing output files: results/region/V1_V2/dada/RnDD_260713_2_RnDD-16S_n0_R1.rds, results/region/V1_V2/dada/RnDD_260713_2_RnDD-16S_n0_R2.rds; Input files updated by another job: results/region/V1_V2/err_reverse.rds, results/region/V1_V2/err_forward.rds, results/region/V1_V2/derep/RnDD_260713_2_RnDD-16S_n0_R2.rds, results/region/V1_V2/derep/RnDD_260713_2_RnDD-16S_n0_R1.rds
    wildcards: region=V1_V2, sample=RnDD_260713_2_RnDD-16S_n0
    resources: tmpdir=/tmp

Activating conda environment: .snakemake/conda/90fdc60df0cf1ab6339e0d2a98f3a964_
[Tue Jul 28 13:07:15 2026]
Finished job 51.
90 of 193 steps (47%) done
Select jobs to execute...

[Tue Jul 28 13:07:15 2026]
rule region_dada2_inference:
    input: results/region/V9/derep/RnDD_260713_2_RnDD-16S_n0_R1.rds, results/region/V9/derep/RnDD_260713_2_RnDD-16S_n0_R2.rds, results/region/V9/err_forward.rds, results/region/V9/err_reverse.rds
    output: results/region/V9/dada/RnDD_260713_2_RnDD-16S_n0_R1.rds, results/region/V9/dada/RnDD_260713_2_RnDD-16S_n0_R2.rds
    log: logs/region_dada2_inference/V9/RnDD_260713_2_RnDD-16S_n0.log
    jobid: 73
    reason: Missing output files: results/region/V9/dada/RnDD_260713_2_RnDD-16S_n0_R2.rds, results/region/V9/dada/RnDD_260713_2_RnDD-16S_n0_R1.rds; Input files updated by another job: results/region/V9/err_forward.rds, results/region/V9/err_reverse.rds, results/region/V9/derep/RnDD_260713_2_RnDD-16S_n0_R2.rds, results/region/V9/derep/RnDD_260713_2_RnDD-16S_n0_R1.rds
    wildcards: region=V9, sample=RnDD_260713_2_RnDD-16S_n0
    resources: tmpdir=/tmp

Activating conda environment: .snakemake/conda/90fdc60df0cf1ab6339e0d2a98f3a964_
[Tue Jul 28 13:07:18 2026]
Finished job 169.
91 of 193 steps (47%) done
Select jobs to execute...

[Tue Jul 28 13:07:18 2026]
rule region_dada2_inference:
    input: results/region/V9/derep/RnDD_260713_16_RnDD-16S_n0_R1.rds, results/region/V9/derep/RnDD_260713_16_RnDD-16S_n0_R2.rds, results/region/V9/err_forward.rds, results/region/V9/err_reverse.rds
    output: results/region/V9/dada/RnDD_260713_16_RnDD-16S_n0_R1.rds, results/region/V9/dada/RnDD_260713_16_RnDD-16S_n0_R2.rds
    log: logs/region_dada2_inference/V9/RnDD_260713_16_RnDD-16S_n0.log
    jobid: 64
    reason: Missing output files: results/region/V9/dada/RnDD_260713_16_RnDD-16S_n0_R2.rds, results/region/V9/dada/RnDD_260713_16_RnDD-16S_n0_R1.rds; Input files updated by another job: results/region/V9/derep/RnDD_260713_16_RnDD-16S_n0_R2.rds, results/region/V9/derep/RnDD_260713_16_RnDD-16S_n0_R1.rds, results/region/V9/err_forward.rds, results/region/V9/err_reverse.rds
    wildcards: region=V9, sample=RnDD_260713_16_RnDD-16S_n0
    resources: tmpdir=/tmp

Activating conda environment: .snakemake/conda/90fdc60df0cf1ab6339e0d2a98f3a964_
[Tue Jul 28 13:07:21 2026]
Finished job 119.
92 of 193 steps (48%) done
Select jobs to execute...

[Tue Jul 28 13:07:21 2026]
rule region_dada2_inference:
    input: results/region/V9/derep/RnDD_260713_3_RnDD-16S_n0_R1.rds, results/region/V9/derep/RnDD_260713_3_RnDD-16S_n0_R2.rds, results/region/V9/err_forward.rds, results/region/V9/err_reverse.rds
    output: results/region/V9/dada/RnDD_260713_3_RnDD-16S_n0_R1.rds, results/region/V9/dada/RnDD_260713_3_RnDD-16S_n0_R2.rds
    log: logs/region_dada2_inference/V9/RnDD_260713_3_RnDD-16S_n0.log
    jobid: 76
    reason: Missing output files: results/region/V9/dada/RnDD_260713_3_RnDD-16S_n0_R1.rds, results/region/V9/dada/RnDD_260713_3_RnDD-16S_n0_R2.rds; Input files updated by another job: results/region/V9/derep/RnDD_260713_3_RnDD-16S_n0_R1.rds, results/region/V9/derep/RnDD_260713_3_RnDD-16S_n0_R2.rds, results/region/V9/err_forward.rds, results/region/V9/err_reverse.rds
    wildcards: region=V9, sample=RnDD_260713_3_RnDD-16S_n0
    resources: tmpdir=/tmp

Activating conda environment: .snakemake/conda/90fdc60df0cf1ab6339e0d2a98f3a964_
[Tue Jul 28 13:07:23 2026]
Finished job 122.
93 of 193 steps (48%) done
Select jobs to execute...

[Tue Jul 28 13:07:23 2026]
rule region_dada2_inference:
    input: results/region/V9/derep/RnDD_260713_15_RnDD-16S_n0_R1.rds, results/region/V9/derep/RnDD_260713_15_RnDD-16S_n0_R2.rds, results/region/V9/err_forward.rds, results/region/V9/err_reverse.rds
    output: results/region/V9/dada/RnDD_260713_15_RnDD-16S_n0_R1.rds, results/region/V9/dada/RnDD_260713_15_RnDD-16S_n0_R2.rds
    log: logs/region_dada2_inference/V9/RnDD_260713_15_RnDD-16S_n0.log
    jobid: 50
    reason: Missing output files: results/region/V9/dada/RnDD_260713_15_RnDD-16S_n0_R1.rds, results/region/V9/dada/RnDD_260713_15_RnDD-16S_n0_R2.rds; Input files updated by another job: results/region/V9/derep/RnDD_260713_15_RnDD-16S_n0_R2.rds, results/region/V9/err_forward.rds, results/region/V9/derep/RnDD_260713_15_RnDD-16S_n0_R1.rds, results/region/V9/err_reverse.rds
    wildcards: region=V9, sample=RnDD_260713_15_RnDD-16S_n0
    resources: tmpdir=/tmp

Activating conda environment: .snakemake/conda/90fdc60df0cf1ab6339e0d2a98f3a964_
[Tue Jul 28 13:07:28 2026]
Finished job 105.
94 of 193 steps (49%) done
Select jobs to execute...

[Tue Jul 28 13:07:28 2026]
rule region_dada2_inference:
    input: results/region/V1_V2/derep/RnDD_260713_17_RnDD-16S_n0_R1.rds, results/region/V1_V2/derep/RnDD_260713_17_RnDD-16S_n0_R2.rds, results/region/V1_V2/err_forward.rds, results/region/V1_V2/err_reverse.rds
    output: results/region/V1_V2/dada/RnDD_260713_17_RnDD-16S_n0_R1.rds, results/region/V1_V2/dada/RnDD_260713_17_RnDD-16S_n0_R2.rds
    log: logs/region_dada2_inference/V1_V2/RnDD_260713_17_RnDD-16S_n0.log
    jobid: 28
    reason: Missing output files: results/region/V1_V2/dada/RnDD_260713_17_RnDD-16S_n0_R2.rds, results/region/V1_V2/dada/RnDD_260713_17_RnDD-16S_n0_R1.rds; Input files updated by another job: results/region/V1_V2/derep/RnDD_260713_17_RnDD-16S_n0_R2.rds, results/region/V1_V2/err_reverse.rds, results/region/V1_V2/err_forward.rds, results/region/V1_V2/derep/RnDD_260713_17_RnDD-16S_n0_R1.rds
    wildcards: region=V1_V2, sample=RnDD_260713_17_RnDD-16S_n0
    resources: tmpdir=/tmp

Activating conda environment: .snakemake/conda/90fdc60df0cf1ab6339e0d2a98f3a964_
[Tue Jul 28 13:07:34 2026]
Finished job 89.
95 of 193 steps (49%) done
Select jobs to execute...

[Tue Jul 28 13:07:34 2026]
rule region_dada2_inference:
    input: results/region/V1_V2/derep/RnDD_260713_1_RnDD-16S_n0_R1.rds, results/region/V1_V2/derep/RnDD_260713_1_RnDD-16S_n0_R2.rds, results/region/V1_V2/err_forward.rds, results/region/V1_V2/err_reverse.rds
    output: results/region/V1_V2/dada/RnDD_260713_1_RnDD-16S_n0_R1.rds, results/region/V1_V2/dada/RnDD_260713_1_RnDD-16S_n0_R2.rds
    log: logs/region_dada2_inference/V1_V2/RnDD_260713_1_RnDD-16S_n0.log
    jobid: 31
    reason: Missing output files: results/region/V1_V2/dada/RnDD_260713_1_RnDD-16S_n0_R2.rds, results/region/V1_V2/dada/RnDD_260713_1_RnDD-16S_n0_R1.rds; Input files updated by another job: results/region/V1_V2/derep/RnDD_260713_1_RnDD-16S_n0_R2.rds, results/region/V1_V2/err_forward.rds, results/region/V1_V2/err_reverse.rds, results/region/V1_V2/derep/RnDD_260713_1_RnDD-16S_n0_R1.rds
    wildcards: region=V1_V2, sample=RnDD_260713_1_RnDD-16S_n0
    resources: tmpdir=/tmp

Activating conda environment: .snakemake/conda/90fdc60df0cf1ab6339e0d2a98f3a964_
[Tue Jul 28 13:07:39 2026]
Finished job 172.
96 of 193 steps (50%) done
Select jobs to execute...

[Tue Jul 28 13:07:39 2026]
rule region_dada2_inference_se:
    input: results/region/V3_V4/derep/RnDD_260713_3_RnDD-16S_n0_R1.rds, results/region/V3_V4/err_forward.rds
    output: results/region/V3_V4/dada/RnDD_260713_3_RnDD-16S_n0_R1.rds
    log: logs/region_dada2_inference/V3_V4/RnDD_260713_3_RnDD-16S_n0.log
    jobid: 108
    reason: Missing output files: results/region/V3_V4/dada/RnDD_260713_3_RnDD-16S_n0_R1.rds; Input files updated by another job: results/region/V3_V4/derep/RnDD_260713_3_RnDD-16S_n0_R1.rds, results/region/V3_V4/err_forward.rds
    wildcards: region=V3_V4, sample=RnDD_260713_3_RnDD-16S_n0
    resources: tmpdir=/tmp

Activating conda environment: .snakemake/conda/90fdc60df0cf1ab6339e0d2a98f3a964_
[Tue Jul 28 13:07:40 2026]
Finished job 151.
97 of 193 steps (50%) done
Select jobs to execute...

[Tue Jul 28 13:07:40 2026]
rule region_dada2_inference:
    input: results/region/V9/derep/RnDD_260713_17_RnDD-16S_n0_R1.rds, results/region/V9/derep/RnDD_260713_17_RnDD-16S_n0_R2.rds, results/region/V9/err_forward.rds, results/region/V9/err_reverse.rds
    output: results/region/V9/dada/RnDD_260713_17_RnDD-16S_n0_R1.rds, results/region/V9/dada/RnDD_260713_17_RnDD-16S_n0_R2.rds
    log: logs/region_dada2_inference/V9/RnDD_260713_17_RnDD-16S_n0.log
    jobid: 67
    reason: Missing output files: results/region/V9/dada/RnDD_260713_17_RnDD-16S_n0_R2.rds, results/region/V9/dada/RnDD_260713_17_RnDD-16S_n0_R1.rds; Input files updated by another job: results/region/V9/derep/RnDD_260713_17_RnDD-16S_n0_R2.rds, results/region/V9/derep/RnDD_260713_17_RnDD-16S_n0_R1.rds, results/region/V9/err_forward.rds, results/region/V9/err_reverse.rds
    wildcards: region=V9, sample=RnDD_260713_17_RnDD-16S_n0
    resources: tmpdir=/tmp

Activating conda environment: .snakemake/conda/90fdc60df0cf1ab6339e0d2a98f3a964_
[Tue Jul 28 13:07:40 2026]
Finished job 170.
98 of 193 steps (51%) done
Select jobs to execute...

[Tue Jul 28 13:07:40 2026]
rule region_dada2_inference_se:
    input: results/region/V4_V5/derep/RnDD_260713_16_RnDD-16S_n0_R1.rds, results/region/V4_V5/err_forward.rds
    output: results/region/V4_V5/dada/RnDD_260713_16_RnDD-16S_n0_R1.rds
    log: logs/region_dada2_inference/V4_V5/RnDD_260713_16_RnDD-16S_n0.log
    jobid: 133
    reason: Missing output files: results/region/V4_V5/dada/RnDD_260713_16_RnDD-16S_n0_R1.rds; Input files updated by another job: results/region/V4_V5/err_forward.rds, results/region/V4_V5/derep/RnDD_260713_16_RnDD-16S_n0_R1.rds
    wildcards: region=V4_V5, sample=RnDD_260713_16_RnDD-16S_n0
    resources: tmpdir=/tmp

Activating conda environment: .snakemake/conda/90fdc60df0cf1ab6339e0d2a98f3a964_
[Tue Jul 28 13:07:40 2026]
Finished job 166.
99 of 193 steps (51%) done
Select jobs to execute...

[Tue Jul 28 13:07:40 2026]
rule region_dada2_inference_se:
    input: results/region/V4_V5/derep/RnDD_260713_1_RnDD-16S_n0_R1.rds, results/region/V4_V5/err_forward.rds
    output: results/region/V4_V5/dada/RnDD_260713_1_RnDD-16S_n0_R1.rds
    log: logs/region_dada2_inference/V4_V5/RnDD_260713_1_RnDD-16S_n0.log
    jobid: 137
    reason: Missing output files: results/region/V4_V5/dada/RnDD_260713_1_RnDD-16S_n0_R1.rds; Input files updated by another job: results/region/V4_V5/derep/RnDD_260713_1_RnDD-16S_n0_R1.rds, results/region/V4_V5/err_forward.rds
    wildcards: region=V4_V5, sample=RnDD_260713_1_RnDD-16S_n0
    resources: tmpdir=/tmp

Activating conda environment: .snakemake/conda/90fdc60df0cf1ab6339e0d2a98f3a964_
[Tue Jul 28 13:07:40 2026]
Finished job 174.
100 of 193 steps (52%) done
Select jobs to execute...

[Tue Jul 28 13:07:40 2026]
rule region_dada2_inference_se:
    input: results/region/V4_V5/derep/RnDD_260713_2_RnDD-16S_n0_R1.rds, results/region/V4_V5/err_forward.rds
    output: results/region/V4_V5/dada/RnDD_260713_2_RnDD-16S_n0_R1.rds
    log: logs/region_dada2_inference/V4_V5/RnDD_260713_2_RnDD-16S_n0.log
    jobid: 139
    reason: Missing output files: results/region/V4_V5/dada/RnDD_260713_2_RnDD-16S_n0_R1.rds; Input files updated by another job: results/region/V4_V5/err_forward.rds, results/region/V4_V5/derep/RnDD_260713_2_RnDD-16S_n0_R1.rds
    wildcards: region=V4_V5, sample=RnDD_260713_2_RnDD-16S_n0
    resources: tmpdir=/tmp

Activating conda environment: .snakemake/conda/90fdc60df0cf1ab6339e0d2a98f3a964_
[Tue Jul 28 13:07:42 2026]
Finished job 34.
101 of 193 steps (52%) done
Select jobs to execute...

[Tue Jul 28 13:07:42 2026]
rule region_merge_reads:
    input: results/region/V1_V2/derep/RnDD_260713_2_RnDD-16S_n0_R1.rds, results/region/V1_V2/derep/RnDD_260713_2_RnDD-16S_n0_R2.rds, results/region/V1_V2/dada/RnDD_260713_2_RnDD-16S_n0_R1.rds, results/region/V1_V2/dada/RnDD_260713_2_RnDD-16S_n0_R2.rds
    output: results/region/V1_V2/merged/RnDD_260713_2_RnDD-16S_n0.rds
    log: logs/region_merge_reads/V1_V2/RnDD_260713_2_RnDD-16S_n0.log
    jobid: 32
    reason: Missing output files: results/region/V1_V2/merged/RnDD_260713_2_RnDD-16S_n0.rds; Input files updated by another job: results/region/V1_V2/dada/RnDD_260713_2_RnDD-16S_n0_R1.rds, results/region/V1_V2/derep/RnDD_260713_2_RnDD-16S_n0_R2.rds, results/region/V1_V2/dada/RnDD_260713_2_RnDD-16S_n0_R2.rds, results/region/V1_V2/derep/RnDD_260713_2_RnDD-16S_n0_R1.rds
    wildcards: region=V1_V2, sample=RnDD_260713_2_RnDD-16S_n0
    resources: tmpdir=/tmp

Activating conda environment: .snakemake/conda/90fdc60df0cf1ab6339e0d2a98f3a964_
[Tue Jul 28 13:07:45 2026]
Finished job 73.
102 of 193 steps (53%) done
Select jobs to execute...

[Tue Jul 28 13:07:45 2026]
rule region_dada2_inference_se:
    input: results/region/V3_V4/derep/RnDD_260713_17_RnDD-16S_n0_R1.rds, results/region/V3_V4/err_forward.rds
    output: results/region/V3_V4/dada/RnDD_260713_17_RnDD-16S_n0_R1.rds
    log: logs/region_dada2_inference/V3_V4/RnDD_260713_17_RnDD-16S_n0.log
    jobid: 102
    reason: Missing output files: results/region/V3_V4/dada/RnDD_260713_17_RnDD-16S_n0_R1.rds; Input files updated by another job: results/region/V3_V4/derep/RnDD_260713_17_RnDD-16S_n0_R1.rds, results/region/V3_V4/err_forward.rds
    wildcards: region=V3_V4, sample=RnDD_260713_17_RnDD-16S_n0
    resources: tmpdir=/tmp

Activating conda environment: .snakemake/conda/90fdc60df0cf1ab6339e0d2a98f3a964_
[Tue Jul 28 13:07:49 2026]
Finished job 64.
103 of 193 steps (53%) done
Select jobs to execute...

[Tue Jul 28 13:07:49 2026]
rule region_merge_reads:
    input: results/region/V9/derep/RnDD_260713_16_RnDD-16S_n0_R1.rds, results/region/V9/derep/RnDD_260713_16_RnDD-16S_n0_R2.rds, results/region/V9/dada/RnDD_260713_16_RnDD-16S_n0_R1.rds, results/region/V9/dada/RnDD_260713_16_RnDD-16S_n0_R2.rds
    output: results/region/V9/merged/RnDD_260713_16_RnDD-16S_n0.rds
    log: logs/region_merge_reads/V9/RnDD_260713_16_RnDD-16S_n0.log
    jobid: 62
    reason: Missing output files: results/region/V9/merged/RnDD_260713_16_RnDD-16S_n0.rds; Input files updated by another job: results/region/V9/derep/RnDD_260713_16_RnDD-16S_n0_R2.rds, results/region/V9/derep/RnDD_260713_16_RnDD-16S_n0_R1.rds, results/region/V9/dada/RnDD_260713_16_RnDD-16S_n0_R2.rds, results/region/V9/dada/RnDD_260713_16_RnDD-16S_n0_R1.rds
    wildcards: region=V9, sample=RnDD_260713_16_RnDD-16S_n0
    resources: tmpdir=/tmp

Activating conda environment: .snakemake/conda/90fdc60df0cf1ab6339e0d2a98f3a964_
[Tue Jul 28 13:07:50 2026]
Finished job 76.
104 of 193 steps (54%) done
Select jobs to execute...

[Tue Jul 28 13:07:50 2026]
rule region_dada2_inference_se:
    input: results/region/V3_V4/derep/RnDD_260713_1_RnDD-16S_n0_R1.rds, results/region/V3_V4/err_forward.rds
    output: results/region/V3_V4/dada/RnDD_260713_1_RnDD-16S_n0_R1.rds
    log: logs/region_dada2_inference/V3_V4/RnDD_260713_1_RnDD-16S_n0.log
    jobid: 104
    reason: Missing output files: results/region/V3_V4/dada/RnDD_260713_1_RnDD-16S_n0_R1.rds; Input files updated by another job: results/region/V3_V4/derep/RnDD_260713_1_RnDD-16S_n0_R1.rds, results/region/V3_V4/err_forward.rds
    wildcards: region=V3_V4, sample=RnDD_260713_1_RnDD-16S_n0
    resources: tmpdir=/tmp

Activating conda environment: .snakemake/conda/90fdc60df0cf1ab6339e0d2a98f3a964_
[Tue Jul 28 13:07:55 2026]
Finished job 50.
105 of 193 steps (54%) done
Select jobs to execute...

[Tue Jul 28 13:07:55 2026]
rule region_dada2_inference_se:
    input: results/region/V4_V5/derep/RnDD_260713_17_RnDD-16S_n0_R1.rds, results/region/V4_V5/err_forward.rds
    output: results/region/V4_V5/dada/RnDD_260713_17_RnDD-16S_n0_R1.rds
    log: logs/region_dada2_inference/V4_V5/RnDD_260713_17_RnDD-16S_n0.log
    jobid: 135
    reason: Missing output files: results/region/V4_V5/dada/RnDD_260713_17_RnDD-16S_n0_R1.rds; Input files updated by another job: results/region/V4_V5/err_forward.rds, results/region/V4_V5/derep/RnDD_260713_17_RnDD-16S_n0_R1.rds
    wildcards: region=V4_V5, sample=RnDD_260713_17_RnDD-16S_n0
    resources: tmpdir=/tmp

Activating conda environment: .snakemake/conda/90fdc60df0cf1ab6339e0d2a98f3a964_
[Tue Jul 28 13:07:57 2026]
Finished job 28.
106 of 193 steps (55%) done
Select jobs to execute...

[Tue Jul 28 13:07:57 2026]
rule region_dada2_inference_se:
    input: results/region/V3_V4/derep/RnDD_260713_16_RnDD-16S_n0_R1.rds, results/region/V3_V4/err_forward.rds
    output: results/region/V3_V4/dada/RnDD_260713_16_RnDD-16S_n0_R1.rds
    log: logs/region_dada2_inference/V3_V4/RnDD_260713_16_RnDD-16S_n0.log
    jobid: 100
    reason: Missing output files: results/region/V3_V4/dada/RnDD_260713_16_RnDD-16S_n0_R1.rds; Input files updated by another job: results/region/V3_V4/derep/RnDD_260713_16_RnDD-16S_n0_R1.rds, results/region/V3_V4/err_forward.rds
    wildcards: region=V3_V4, sample=RnDD_260713_16_RnDD-16S_n0
    resources: tmpdir=/tmp

Activating conda environment: .snakemake/conda/90fdc60df0cf1ab6339e0d2a98f3a964_
[Tue Jul 28 13:08:03 2026]
Finished job 31.
107 of 193 steps (55%) done
Select jobs to execute...

[Tue Jul 28 13:08:03 2026]
rule region_merge_reads:
    input: results/region/V1_V2/derep/RnDD_260713_1_RnDD-16S_n0_R1.rds, results/region/V1_V2/derep/RnDD_260713_1_RnDD-16S_n0_R2.rds, results/region/V1_V2/dada/RnDD_260713_1_RnDD-16S_n0_R1.rds, results/region/V1_V2/dada/RnDD_260713_1_RnDD-16S_n0_R2.rds
    output: results/region/V1_V2/merged/RnDD_260713_1_RnDD-16S_n0.rds
    log: logs/region_merge_reads/V1_V2/RnDD_260713_1_RnDD-16S_n0.log
    jobid: 29
    reason: Missing output files: results/region/V1_V2/merged/RnDD_260713_1_RnDD-16S_n0.rds; Input files updated by another job: results/region/V1_V2/dada/RnDD_260713_1_RnDD-16S_n0_R2.rds, results/region/V1_V2/derep/RnDD_260713_1_RnDD-16S_n0_R2.rds, results/region/V1_V2/dada/RnDD_260713_1_RnDD-16S_n0_R1.rds, results/region/V1_V2/derep/RnDD_260713_1_RnDD-16S_n0_R1.rds
    wildcards: region=V1_V2, sample=RnDD_260713_1_RnDD-16S_n0
    resources: tmpdir=/tmp

Activating conda environment: .snakemake/conda/90fdc60df0cf1ab6339e0d2a98f3a964_
[Tue Jul 28 13:08:08 2026]
Finished job 108.
108 of 193 steps (56%) done
Select jobs to execute...

[Tue Jul 28 13:08:08 2026]
rule region_merge_reads:
    input: results/region/V9/derep/RnDD_260713_3_RnDD-16S_n0_R1.rds, results/region/V9/derep/RnDD_260713_3_RnDD-16S_n0_R2.rds, results/region/V9/dada/RnDD_260713_3_RnDD-16S_n0_R1.rds, results/region/V9/dada/RnDD_260713_3_RnDD-16S_n0_R2.rds
    output: results/region/V9/merged/RnDD_260713_3_RnDD-16S_n0.rds
    log: logs/region_merge_reads/V9/RnDD_260713_3_RnDD-16S_n0.log
    jobid: 74
    reason: Missing output files: results/region/V9/merged/RnDD_260713_3_RnDD-16S_n0.rds; Input files updated by another job: results/region/V9/derep/RnDD_260713_3_RnDD-16S_n0_R1.rds, results/region/V9/derep/RnDD_260713_3_RnDD-16S_n0_R2.rds, results/region/V9/dada/RnDD_260713_3_RnDD-16S_n0_R1.rds, results/region/V9/dada/RnDD_260713_3_RnDD-16S_n0_R2.rds
    wildcards: region=V9, sample=RnDD_260713_3_RnDD-16S_n0
    resources: tmpdir=/tmp

Activating conda environment: .snakemake/conda/90fdc60df0cf1ab6339e0d2a98f3a964_
[Tue Jul 28 13:08:09 2026]
Finished job 133.
109 of 193 steps (56%) done
Select jobs to execute...

[Tue Jul 28 13:08:09 2026]
rule region_dada2_inference_se:
    input: results/region/V3_V4/derep/RnDD_260713_15_RnDD-16S_n0_R1.rds, results/region/V3_V4/err_forward.rds
    output: results/region/V3_V4/dada/RnDD_260713_15_RnDD-16S_n0_R1.rds
    log: logs/region_dada2_inference/V3_V4/RnDD_260713_15_RnDD-16S_n0.log
    jobid: 85
    reason: Missing output files: results/region/V3_V4/dada/RnDD_260713_15_RnDD-16S_n0_R1.rds; Input files updated by another job: results/region/V3_V4/derep/RnDD_260713_15_RnDD-16S_n0_R1.rds, results/region/V3_V4/err_forward.rds
    wildcards: region=V3_V4, sample=RnDD_260713_15_RnDD-16S_n0
    resources: tmpdir=/tmp

Activating conda environment: .snakemake/conda/90fdc60df0cf1ab6339e0d2a98f3a964_
[Tue Jul 28 13:08:09 2026]
Finished job 137.
110 of 193 steps (57%) done
Select jobs to execute...

[Tue Jul 28 13:08:09 2026]
rule region_dada2_inference_se:
    input: results/region/V4_V5/derep/RnDD_260713_3_RnDD-16S_n0_R1.rds, results/region/V4_V5/err_forward.rds
    output: results/region/V4_V5/dada/RnDD_260713_3_RnDD-16S_n0_R1.rds
    log: logs/region_dada2_inference/V4_V5/RnDD_260713_3_RnDD-16S_n0.log
    jobid: 141
    reason: Missing output files: results/region/V4_V5/dada/RnDD_260713_3_RnDD-16S_n0_R1.rds; Input files updated by another job: results/region/V4_V5/derep/RnDD_260713_3_RnDD-16S_n0_R1.rds, results/region/V4_V5/err_forward.rds
    wildcards: region=V4_V5, sample=RnDD_260713_3_RnDD-16S_n0
    resources: tmpdir=/tmp

Activating conda environment: .snakemake/conda/90fdc60df0cf1ab6339e0d2a98f3a964_
[Tue Jul 28 13:08:10 2026]
Finished job 67.
111 of 193 steps (58%) done
Select jobs to execute...

[Tue Jul 28 13:08:10 2026]
rule region_merge_reads:
    input: results/region/V9/derep/RnDD_260713_17_RnDD-16S_n0_R1.rds, results/region/V9/derep/RnDD_260713_17_RnDD-16S_n0_R2.rds, results/region/V9/dada/RnDD_260713_17_RnDD-16S_n0_R1.rds, results/region/V9/dada/RnDD_260713_17_RnDD-16S_n0_R2.rds
    output: results/region/V9/merged/RnDD_260713_17_RnDD-16S_n0.rds
    log: logs/region_merge_reads/V9/RnDD_260713_17_RnDD-16S_n0.log
    jobid: 65
    reason: Missing output files: results/region/V9/merged/RnDD_260713_17_RnDD-16S_n0.rds; Input files updated by another job: results/region/V9/derep/RnDD_260713_17_RnDD-16S_n0_R2.rds, results/region/V9/derep/RnDD_260713_17_RnDD-16S_n0_R1.rds, results/region/V9/dada/RnDD_260713_17_RnDD-16S_n0_R1.rds, results/region/V9/dada/RnDD_260713_17_RnDD-16S_n0_R2.rds
    wildcards: region=V9, sample=RnDD_260713_17_RnDD-16S_n0
    resources: tmpdir=/tmp

Activating conda environment: .snakemake/conda/90fdc60df0cf1ab6339e0d2a98f3a964_
[Tue Jul 28 13:08:10 2026]
Finished job 139.
112 of 193 steps (58%) done
Select jobs to execute...

[Tue Jul 28 13:08:10 2026]
rule region_dada2_inference_se:
    input: results/region/V3_V4/derep/RnDD_260713_2_RnDD-16S_n0_R1.rds, results/region/V3_V4/err_forward.rds
    output: results/region/V3_V4/dada/RnDD_260713_2_RnDD-16S_n0_R1.rds
    log: logs/region_dada2_inference/V3_V4/RnDD_260713_2_RnDD-16S_n0.log
    jobid: 106
    reason: Missing output files: results/region/V3_V4/dada/RnDD_260713_2_RnDD-16S_n0_R1.rds; Input files updated by another job: results/region/V3_V4/derep/RnDD_260713_2_RnDD-16S_n0_R1.rds, results/region/V3_V4/err_forward.rds
    wildcards: region=V3_V4, sample=RnDD_260713_2_RnDD-16S_n0
    resources: tmpdir=/tmp

Activating conda environment: .snakemake/conda/90fdc60df0cf1ab6339e0d2a98f3a964_
[Tue Jul 28 13:08:11 2026]
Finished job 32.
113 of 193 steps (59%) done
Select jobs to execute...

[Tue Jul 28 13:08:11 2026]
rule region_merge_reads:
    input: results/region/V9/derep/RnDD_260713_15_RnDD-16S_n0_R1.rds, results/region/V9/derep/RnDD_260713_15_RnDD-16S_n0_R2.rds, results/region/V9/dada/RnDD_260713_15_RnDD-16S_n0_R1.rds, results/region/V9/dada/RnDD_260713_15_RnDD-16S_n0_R2.rds
    output: results/region/V9/merged/RnDD_260713_15_RnDD-16S_n0.rds
    log: logs/region_merge_reads/V9/RnDD_260713_15_RnDD-16S_n0.log
    jobid: 46
    reason: Missing output files: results/region/V9/merged/RnDD_260713_15_RnDD-16S_n0.rds; Input files updated by another job: results/region/V9/derep/RnDD_260713_15_RnDD-16S_n0_R2.rds, results/region/V9/dada/RnDD_260713_15_RnDD-16S_n0_R1.rds, results/region/V9/derep/RnDD_260713_15_RnDD-16S_n0_R1.rds, results/region/V9/dada/RnDD_260713_15_RnDD-16S_n0_R2.rds
    wildcards: region=V9, sample=RnDD_260713_15_RnDD-16S_n0
    resources: tmpdir=/tmp

Activating conda environment: .snakemake/conda/90fdc60df0cf1ab6339e0d2a98f3a964_
[Tue Jul 28 13:08:14 2026]
Finished job 102.
114 of 193 steps (59%) done
Select jobs to execute...

[Tue Jul 28 13:08:14 2026]
rule region_dada2_inference_se:
    input: results/region/V6_V8/derep/RnDD_260713_17_RnDD-16S_n0_R1.rds, results/region/V6_V8/err_forward.rds
    output: results/region/V6_V8/dada/RnDD_260713_17_RnDD-16S_n0_R1.rds
    log: logs/region_dada2_inference/V6_V8/RnDD_260713_17_RnDD-16S_n0.log
    jobid: 168
    reason: Missing output files: results/region/V6_V8/dada/RnDD_260713_17_RnDD-16S_n0_R1.rds; Input files updated by another job: results/region/V6_V8/derep/RnDD_260713_17_RnDD-16S_n0_R1.rds, results/region/V6_V8/err_forward.rds
    wildcards: region=V6_V8, sample=RnDD_260713_17_RnDD-16S_n0
    resources: tmpdir=/tmp

Activating conda environment: .snakemake/conda/90fdc60df0cf1ab6339e0d2a98f3a964_
[Tue Jul 28 13:08:20 2026]
Finished job 104.
115 of 193 steps (60%) done
Select jobs to execute...

[Tue Jul 28 13:08:20 2026]
rule region_dada2_inference:
    input: results/region/V1_V2/derep/RnDD_260713_15_RnDD-16S_n0_R1.rds, results/region/V1_V2/derep/RnDD_260713_15_RnDD-16S_n0_R2.rds, results/region/V1_V2/err_forward.rds, results/region/V1_V2/err_reverse.rds
    output: results/region/V1_V2/dada/RnDD_260713_15_RnDD-16S_n0_R1.rds, results/region/V1_V2/dada/RnDD_260713_15_RnDD-16S_n0_R2.rds
    log: logs/region_dada2_inference/V1_V2/RnDD_260713_15_RnDD-16S_n0.log
    jobid: 11
    reason: Missing output files: results/region/V1_V2/dada/RnDD_260713_15_RnDD-16S_n0_R1.rds, results/region/V1_V2/dada/RnDD_260713_15_RnDD-16S_n0_R2.rds; Input files updated by another job: results/region/V1_V2/derep/RnDD_260713_15_RnDD-16S_n0_R1.rds, results/region/V1_V2/err_reverse.rds, results/region/V1_V2/err_forward.rds, results/region/V1_V2/derep/RnDD_260713_15_RnDD-16S_n0_R2.rds
    wildcards: region=V1_V2, sample=RnDD_260713_15_RnDD-16S_n0
    resources: tmpdir=/tmp

Activating conda environment: .snakemake/conda/90fdc60df0cf1ab6339e0d2a98f3a964_
[Tue Jul 28 13:08:20 2026]
Finished job 62.
116 of 193 steps (60%) done
Select jobs to execute...

[Tue Jul 28 13:08:20 2026]
rule region_merge_reads:
    input: results/region/V9/derep/RnDD_260713_2_RnDD-16S_n0_R1.rds, results/region/V9/derep/RnDD_260713_2_RnDD-16S_n0_R2.rds, results/region/V9/dada/RnDD_260713_2_RnDD-16S_n0_R1.rds, results/region/V9/dada/RnDD_260713_2_RnDD-16S_n0_R2.rds
    output: results/region/V9/merged/RnDD_260713_2_RnDD-16S_n0.rds
    log: logs/region_merge_reads/V9/RnDD_260713_2_RnDD-16S_n0.log
    jobid: 71
    reason: Missing output files: results/region/V9/merged/RnDD_260713_2_RnDD-16S_n0.rds; Input files updated by another job: results/region/V9/dada/RnDD_260713_2_RnDD-16S_n0_R1.rds, results/region/V9/dada/RnDD_260713_2_RnDD-16S_n0_R2.rds, results/region/V9/derep/RnDD_260713_2_RnDD-16S_n0_R2.rds, results/region/V9/derep/RnDD_260713_2_RnDD-16S_n0_R1.rds
    wildcards: region=V9, sample=RnDD_260713_2_RnDD-16S_n0
    resources: tmpdir=/tmp

Activating conda environment: .snakemake/conda/90fdc60df0cf1ab6339e0d2a98f3a964_
[Tue Jul 28 13:08:25 2026]
Finished job 135.
117 of 193 steps (61%) done
Select jobs to execute...

[Tue Jul 28 13:08:25 2026]
rule region_merge_reads:
    input: results/region/V1_V2/derep/RnDD_260713_17_RnDD-16S_n0_R1.rds, results/region/V1_V2/derep/RnDD_260713_17_RnDD-16S_n0_R2.rds, results/region/V1_V2/dada/RnDD_260713_17_RnDD-16S_n0_R1.rds, results/region/V1_V2/dada/RnDD_260713_17_RnDD-16S_n0_R2.rds
    output: results/region/V1_V2/merged/RnDD_260713_17_RnDD-16S_n0.rds
    log: logs/region_merge_reads/V1_V2/RnDD_260713_17_RnDD-16S_n0.log
    jobid: 26
    reason: Missing output files: results/region/V1_V2/merged/RnDD_260713_17_RnDD-16S_n0.rds; Input files updated by another job: results/region/V1_V2/derep/RnDD_260713_17_RnDD-16S_n0_R2.rds, results/region/V1_V2/dada/RnDD_260713_17_RnDD-16S_n0_R2.rds, results/region/V1_V2/dada/RnDD_260713_17_RnDD-16S_n0_R1.rds, results/region/V1_V2/derep/RnDD_260713_17_RnDD-16S_n0_R1.rds
    wildcards: region=V1_V2, sample=RnDD_260713_17_RnDD-16S_n0
    resources: tmpdir=/tmp

Activating conda environment: .snakemake/conda/90fdc60df0cf1ab6339e0d2a98f3a964_
[Tue Jul 28 13:08:27 2026]
Finished job 100.
118 of 193 steps (61%) done
Select jobs to execute...

[Tue Jul 28 13:08:27 2026]
rule region_dada2_inference:
    input: results/region/V1_V2/derep/RnDD_260713_3_RnDD-16S_n0_R1.rds, results/region/V1_V2/derep/RnDD_260713_3_RnDD-16S_n0_R2.rds, results/region/V1_V2/err_forward.rds, results/region/V1_V2/err_reverse.rds
    output: results/region/V1_V2/dada/RnDD_260713_3_RnDD-16S_n0_R1.rds, results/region/V1_V2/dada/RnDD_260713_3_RnDD-16S_n0_R2.rds
    log: logs/region_dada2_inference/V1_V2/RnDD_260713_3_RnDD-16S_n0.log
    jobid: 37
    reason: Missing output files: results/region/V1_V2/dada/RnDD_260713_3_RnDD-16S_n0_R2.rds, results/region/V1_V2/dada/RnDD_260713_3_RnDD-16S_n0_R1.rds; Input files updated by another job: results/region/V1_V2/derep/RnDD_260713_3_RnDD-16S_n0_R2.rds, results/region/V1_V2/err_reverse.rds, results/region/V1_V2/derep/RnDD_260713_3_RnDD-16S_n0_R1.rds, results/region/V1_V2/err_forward.rds
    wildcards: region=V1_V2, sample=RnDD_260713_3_RnDD-16S_n0
    resources: tmpdir=/tmp

Activating conda environment: .snakemake/conda/90fdc60df0cf1ab6339e0d2a98f3a964_
[Tue Jul 28 13:08:32 2026]
Finished job 29.
119 of 193 steps (62%) done
Select jobs to execute...

[Tue Jul 28 13:08:32 2026]
rule region_dada2_inference:
    input: results/region/V9/derep/RnDD_260713_1_RnDD-16S_n0_R1.rds, results/region/V9/derep/RnDD_260713_1_RnDD-16S_n0_R2.rds, results/region/V9/err_forward.rds, results/region/V9/err_reverse.rds
    output: results/region/V9/dada/RnDD_260713_1_RnDD-16S_n0_R1.rds, results/region/V9/dada/RnDD_260713_1_RnDD-16S_n0_R2.rds
    log: logs/region_dada2_inference/V9/RnDD_260713_1_RnDD-16S_n0.log
    jobid: 70
    reason: Missing output files: results/region/V9/dada/RnDD_260713_1_RnDD-16S_n0_R2.rds, results/region/V9/dada/RnDD_260713_1_RnDD-16S_n0_R1.rds; Input files updated by another job: results/region/V9/err_forward.rds, results/region/V9/derep/RnDD_260713_1_RnDD-16S_n0_R1.rds, results/region/V9/err_reverse.rds, results/region/V9/derep/RnDD_260713_1_RnDD-16S_n0_R2.rds
    wildcards: region=V9, sample=RnDD_260713_1_RnDD-16S_n0
    resources: tmpdir=/tmp

Activating conda environment: .snakemake/conda/90fdc60df0cf1ab6339e0d2a98f3a964_
[Tue Jul 28 13:08:37 2026]
Finished job 74.
120 of 193 steps (62%) done
Select jobs to execute...

[Tue Jul 28 13:08:37 2026]
rule region_dada2_inference_se:
    input: results/region/V4_V5/derep/RnDD_260713_15_RnDD-16S_n0_R1.rds, results/region/V4_V5/err_forward.rds
    output: results/region/V4_V5/dada/RnDD_260713_15_RnDD-16S_n0_R1.rds
    log: logs/region_dada2_inference/V4_V5/RnDD_260713_15_RnDD-16S_n0.log
    jobid: 118
    reason: Missing output files: results/region/V4_V5/dada/RnDD_260713_15_RnDD-16S_n0_R1.rds; Input files updated by another job: results/region/V4_V5/err_forward.rds, results/region/V4_V5/derep/RnDD_260713_15_RnDD-16S_n0_R1.rds
    wildcards: region=V4_V5, sample=RnDD_260713_15_RnDD-16S_n0
    resources: tmpdir=/tmp

Activating conda environment: .snakemake/conda/90fdc60df0cf1ab6339e0d2a98f3a964_
[Tue Jul 28 13:08:38 2026]
Finished job 85.
121 of 193 steps (63%) done
Select jobs to execute...

[Tue Jul 28 13:08:38 2026]
rule region_dada2_inference:
    input: results/region/V1_V2/derep/RnDD_260713_16_RnDD-16S_n0_R1.rds, results/region/V1_V2/derep/RnDD_260713_16_RnDD-16S_n0_R2.rds, results/region/V1_V2/err_forward.rds, results/region/V1_V2/err_reverse.rds
    output: results/region/V1_V2/dada/RnDD_260713_16_RnDD-16S_n0_R1.rds, results/region/V1_V2/dada/RnDD_260713_16_RnDD-16S_n0_R2.rds
    log: logs/region_dada2_inference/V1_V2/RnDD_260713_16_RnDD-16S_n0.log
    jobid: 25
    reason: Missing output files: results/region/V1_V2/dada/RnDD_260713_16_RnDD-16S_n0_R1.rds, results/region/V1_V2/dada/RnDD_260713_16_RnDD-16S_n0_R2.rds; Input files updated by another job: results/region/V1_V2/err_reverse.rds, results/region/V1_V2/err_forward.rds, results/region/V1_V2/derep/RnDD_260713_16_RnDD-16S_n0_R2.rds, results/region/V1_V2/derep/RnDD_260713_16_RnDD-16S_n0_R1.rds
    wildcards: region=V1_V2, sample=RnDD_260713_16_RnDD-16S_n0
    resources: tmpdir=/tmp

Activating conda environment: .snakemake/conda/90fdc60df0cf1ab6339e0d2a98f3a964_
[Tue Jul 28 13:08:38 2026]
Finished job 65.
122 of 193 steps (63%) done
[Tue Jul 28 13:08:39 2026]
Finished job 106.
123 of 193 steps (64%) done
Select jobs to execute...

[Tue Jul 28 13:08:39 2026]
rule region_make_seqtable_se:
    input: results/region/V3_V4/dada/RnDD_260713_15_RnDD-16S_n0_R1.rds, results/region/V3_V4/dada/RnDD_260713_16_RnDD-16S_n0_R1.rds, results/region/V3_V4/dada/RnDD_260713_17_RnDD-16S_n0_R1.rds, results/region/V3_V4/dada/RnDD_260713_1_RnDD-16S_n0_R1.rds, results/region/V3_V4/dada/RnDD_260713_2_RnDD-16S_n0_R1.rds, results/region/V3_V4/dada/RnDD_260713_3_RnDD-16S_n0_R1.rds
    output: results/region/V3_V4/seqtab.rds
    log: logs/region_make_seqtable/V3_V4.log
    jobid: 84
    reason: Missing output files: results/region/V3_V4/seqtab.rds; Input files updated by another job: results/region/V3_V4/dada/RnDD_260713_15_RnDD-16S_n0_R1.rds, results/region/V3_V4/dada/RnDD_260713_16_RnDD-16S_n0_R1.rds, results/region/V3_V4/dada/RnDD_260713_2_RnDD-16S_n0_R1.rds, results/region/V3_V4/dada/RnDD_260713_3_RnDD-16S_n0_R1.rds, results/region/V3_V4/dada/RnDD_260713_1_RnDD-16S_n0_R1.rds, results/region/V3_V4/dada/RnDD_260713_17_RnDD-16S_n0_R1.rds
    wildcards: region=V3_V4
    resources: tmpdir=/tmp

Activating conda environment: .snakemake/conda/90fdc60df0cf1ab6339e0d2a98f3a964_
[Tue Jul 28 13:08:39 2026]
Finished job 141.
124 of 193 steps (64%) done
[Tue Jul 28 13:08:42 2026]
Finished job 46.
125 of 193 steps (65%) done
[Tue Jul 28 13:08:44 2026]
Finished job 168.
126 of 193 steps (65%) done
Select jobs to execute...

[Tue Jul 28 13:08:44 2026]
rule region_make_seqtable_se:
    input: results/region/V6_V8/dada/RnDD_260713_15_RnDD-16S_n0_R1.rds, results/region/V6_V8/dada/RnDD_260713_16_RnDD-16S_n0_R1.rds, results/region/V6_V8/dada/RnDD_260713_17_RnDD-16S_n0_R1.rds, results/region/V6_V8/dada/RnDD_260713_1_RnDD-16S_n0_R1.rds, results/region/V6_V8/dada/RnDD_260713_2_RnDD-16S_n0_R1.rds, results/region/V6_V8/dada/RnDD_260713_3_RnDD-16S_n0_R1.rds
    output: results/region/V6_V8/seqtab.rds
    log: logs/region_make_seqtable/V6_V8.log
    jobid: 150
    reason: Missing output files: results/region/V6_V8/seqtab.rds; Input files updated by another job: results/region/V6_V8/dada/RnDD_260713_17_RnDD-16S_n0_R1.rds, results/region/V6_V8/dada/RnDD_260713_3_RnDD-16S_n0_R1.rds, results/region/V6_V8/dada/RnDD_260713_15_RnDD-16S_n0_R1.rds, results/region/V6_V8/dada/RnDD_260713_16_RnDD-16S_n0_R1.rds, results/region/V6_V8/dada/RnDD_260713_2_RnDD-16S_n0_R1.rds, results/region/V6_V8/dada/RnDD_260713_1_RnDD-16S_n0_R1.rds
    wildcards: region=V6_V8
    resources: tmpdir=/tmp

Activating conda environment: .snakemake/conda/90fdc60df0cf1ab6339e0d2a98f3a964_
[Tue Jul 28 13:08:48 2026]
Finished job 11.
127 of 193 steps (66%) done
Select jobs to execute...

[Tue Jul 28 13:08:48 2026]
rule region_merge_reads:
    input: results/region/V1_V2/derep/RnDD_260713_15_RnDD-16S_n0_R1.rds, results/region/V1_V2/derep/RnDD_260713_15_RnDD-16S_n0_R2.rds, results/region/V1_V2/dada/RnDD_260713_15_RnDD-16S_n0_R1.rds, results/region/V1_V2/dada/RnDD_260713_15_RnDD-16S_n0_R2.rds
    output: results/region/V1_V2/merged/RnDD_260713_15_RnDD-16S_n0.rds
    log: logs/region_merge_reads/V1_V2/RnDD_260713_15_RnDD-16S_n0.log
    jobid: 7
    reason: Missing output files: results/region/V1_V2/merged/RnDD_260713_15_RnDD-16S_n0.rds; Input files updated by another job: results/region/V1_V2/derep/RnDD_260713_15_RnDD-16S_n0_R1.rds, results/region/V1_V2/dada/RnDD_260713_15_RnDD-16S_n0_R1.rds, results/region/V1_V2/derep/RnDD_260713_15_RnDD-16S_n0_R2.rds, results/region/V1_V2/dada/RnDD_260713_15_RnDD-16S_n0_R2.rds
    wildcards: region=V1_V2, sample=RnDD_260713_15_RnDD-16S_n0
    resources: tmpdir=/tmp

Activating conda environment: .snakemake/conda/90fdc60df0cf1ab6339e0d2a98f3a964_
[Tue Jul 28 13:08:48 2026]
Finished job 71.
128 of 193 steps (66%) done
[Tue Jul 28 13:08:51 2026]
Finished job 26.
129 of 193 steps (67%) done
[Tue Jul 28 13:08:54 2026]
Finished job 37.
130 of 193 steps (67%) done
Select jobs to execute...

[Tue Jul 28 13:08:54 2026]
rule region_merge_reads:
    input: results/region/V1_V2/derep/RnDD_260713_3_RnDD-16S_n0_R1.rds, results/region/V1_V2/derep/RnDD_260713_3_RnDD-16S_n0_R2.rds, results/region/V1_V2/dada/RnDD_260713_3_RnDD-16S_n0_R1.rds, results/region/V1_V2/dada/RnDD_260713_3_RnDD-16S_n0_R2.rds
    output: results/region/V1_V2/merged/RnDD_260713_3_RnDD-16S_n0.rds
    log: logs/region_merge_reads/V1_V2/RnDD_260713_3_RnDD-16S_n0.log
    jobid: 35
    reason: Missing output files: results/region/V1_V2/merged/RnDD_260713_3_RnDD-16S_n0.rds; Input files updated by another job: results/region/V1_V2/derep/RnDD_260713_3_RnDD-16S_n0_R2.rds, results/region/V1_V2/dada/RnDD_260713_3_RnDD-16S_n0_R1.rds, results/region/V1_V2/derep/RnDD_260713_3_RnDD-16S_n0_R1.rds, results/region/V1_V2/dada/RnDD_260713_3_RnDD-16S_n0_R2.rds
    wildcards: region=V1_V2, sample=RnDD_260713_3_RnDD-16S_n0
    resources: tmpdir=/tmp

Activating conda environment: .snakemake/conda/90fdc60df0cf1ab6339e0d2a98f3a964_
[Tue Jul 28 13:08:57 2026]
Finished job 70.
131 of 193 steps (68%) done
Select jobs to execute...

[Tue Jul 28 13:08:57 2026]
rule region_merge_reads:
    input: results/region/V9/derep/RnDD_260713_1_RnDD-16S_n0_R1.rds, results/region/V9/derep/RnDD_260713_1_RnDD-16S_n0_R2.rds, results/region/V9/dada/RnDD_260713_1_RnDD-16S_n0_R1.rds, results/region/V9/dada/RnDD_260713_1_RnDD-16S_n0_R2.rds
    output: results/region/V9/merged/RnDD_260713_1_RnDD-16S_n0.rds
    log: logs/region_merge_reads/V9/RnDD_260713_1_RnDD-16S_n0.log
    jobid: 68
    reason: Missing output files: results/region/V9/merged/RnDD_260713_1_RnDD-16S_n0.rds; Input files updated by another job: results/region/V9/derep/RnDD_260713_1_RnDD-16S_n0_R1.rds, results/region/V9/dada/RnDD_260713_1_RnDD-16S_n0_R2.rds, results/region/V9/dada/RnDD_260713_1_RnDD-16S_n0_R1.rds, results/region/V9/derep/RnDD_260713_1_RnDD-16S_n0_R2.rds
    wildcards: region=V9, sample=RnDD_260713_1_RnDD-16S_n0
    resources: tmpdir=/tmp

Activating conda environment: .snakemake/conda/90fdc60df0cf1ab6339e0d2a98f3a964_
[Tue Jul 28 13:08:59 2026]
Finished job 118.
132 of 193 steps (68%) done
Select jobs to execute...

[Tue Jul 28 13:08:59 2026]
rule region_make_seqtable_se:
    input: results/region/V4_V5/dada/RnDD_260713_15_RnDD-16S_n0_R1.rds, results/region/V4_V5/dada/RnDD_260713_16_RnDD-16S_n0_R1.rds, results/region/V4_V5/dada/RnDD_260713_17_RnDD-16S_n0_R1.rds, results/region/V4_V5/dada/RnDD_260713_1_RnDD-16S_n0_R1.rds, results/region/V4_V5/dada/RnDD_260713_2_RnDD-16S_n0_R1.rds, results/region/V4_V5/dada/RnDD_260713_3_RnDD-16S_n0_R1.rds
    output: results/region/V4_V5/seqtab.rds
    log: logs/region_make_seqtable/V4_V5.log
    jobid: 117
    reason: Missing output files: results/region/V4_V5/seqtab.rds; Input files updated by another job: results/region/V4_V5/dada/RnDD_260713_17_RnDD-16S_n0_R1.rds, results/region/V4_V5/dada/RnDD_260713_2_RnDD-16S_n0_R1.rds, results/region/V4_V5/dada/RnDD_260713_16_RnDD-16S_n0_R1.rds, results/region/V4_V5/dada/RnDD_260713_15_RnDD-16S_n0_R1.rds, results/region/V4_V5/dada/RnDD_260713_3_RnDD-16S_n0_R1.rds, results/region/V4_V5/dada/RnDD_260713_1_RnDD-16S_n0_R1.rds
    wildcards: region=V4_V5
    resources: tmpdir=/tmp

Activating conda environment: .snakemake/conda/90fdc60df0cf1ab6339e0d2a98f3a964_
[Tue Jul 28 13:09:00 2026]
Finished job 25.
133 of 193 steps (69%) done
Select jobs to execute...

[Tue Jul 28 13:09:00 2026]
rule region_merge_reads:
    input: results/region/V1_V2/derep/RnDD_260713_16_RnDD-16S_n0_R1.rds, results/region/V1_V2/derep/RnDD_260713_16_RnDD-16S_n0_R2.rds, results/region/V1_V2/dada/RnDD_260713_16_RnDD-16S_n0_R1.rds, results/region/V1_V2/dada/RnDD_260713_16_RnDD-16S_n0_R2.rds
    output: results/region/V1_V2/merged/RnDD_260713_16_RnDD-16S_n0.rds
    log: logs/region_merge_reads/V1_V2/RnDD_260713_16_RnDD-16S_n0.log
    jobid: 23
    reason: Missing output files: results/region/V1_V2/merged/RnDD_260713_16_RnDD-16S_n0.rds; Input files updated by another job: results/region/V1_V2/dada/RnDD_260713_16_RnDD-16S_n0_R1.rds, results/region/V1_V2/dada/RnDD_260713_16_RnDD-16S_n0_R2.rds, results/region/V1_V2/derep/RnDD_260713_16_RnDD-16S_n0_R2.rds, results/region/V1_V2/derep/RnDD_260713_16_RnDD-16S_n0_R1.rds
    wildcards: region=V1_V2, sample=RnDD_260713_16_RnDD-16S_n0
    resources: tmpdir=/tmp

Activating conda environment: .snakemake/conda/90fdc60df0cf1ab6339e0d2a98f3a964_
[Tue Jul 28 13:09:00 2026]
Finished job 84.
134 of 193 steps (69%) done
Select jobs to execute...

[Tue Jul 28 13:09:00 2026]
rule region_remove_chimera:
    input: results/region/V3_V4/seqtab.rds
    output: results/region/V3_V4/seqtab_nochim.rds
    log: logs/region_remove_chimera/V3_V4.log
    jobid: 83
    reason: Missing output files: results/region/V3_V4/seqtab_nochim.rds; Input files updated by another job: results/region/V3_V4/seqtab.rds
    wildcards: region=V3_V4
    resources: tmpdir=/tmp

Activating conda environment: .snakemake/conda/90fdc60df0cf1ab6339e0d2a98f3a964_
[Tue Jul 28 13:09:04 2026]
Finished job 150.
135 of 193 steps (70%) done
Select jobs to execute...

[Tue Jul 28 13:09:04 2026]
rule region_remove_chimera:
    input: results/region/V6_V8/seqtab.rds
    output: results/region/V6_V8/seqtab_nochim.rds
    log: logs/region_remove_chimera/V6_V8.log
    jobid: 149
    reason: Missing output files: results/region/V6_V8/seqtab_nochim.rds; Input files updated by another job: results/region/V6_V8/seqtab.rds
    wildcards: region=V6_V8
    resources: tmpdir=/tmp

Activating conda environment: .snakemake/conda/90fdc60df0cf1ab6339e0d2a98f3a964_
[Tue Jul 28 13:09:07 2026]
Finished job 7.
136 of 193 steps (70%) done
[Tue Jul 28 13:09:13 2026]
Finished job 35.
137 of 193 steps (71%) done
[Tue Jul 28 13:09:16 2026]
Finished job 68.
138 of 193 steps (72%) done
Select jobs to execute...

[Tue Jul 28 13:09:16 2026]
rule region_make_seqtable:
    input: results/region/V9/merged/RnDD_260713_15_RnDD-16S_n0.rds, results/region/V9/merged/RnDD_260713_16_RnDD-16S_n0.rds, results/region/V9/merged/RnDD_260713_17_RnDD-16S_n0.rds, results/region/V9/merged/RnDD_260713_1_RnDD-16S_n0.rds, results/region/V9/merged/RnDD_260713_2_RnDD-16S_n0.rds, results/region/V9/merged/RnDD_260713_3_RnDD-16S_n0.rds
    output: results/region/V9/seqtab.rds
    log: logs/region_make_seqtable/V9.log
    jobid: 45
    reason: Missing output files: results/region/V9/seqtab.rds; Input files updated by another job: results/region/V9/merged/RnDD_260713_1_RnDD-16S_n0.rds, results/region/V9/merged/RnDD_260713_3_RnDD-16S_n0.rds, results/region/V9/merged/RnDD_260713_15_RnDD-16S_n0.rds, results/region/V9/merged/RnDD_260713_2_RnDD-16S_n0.rds, results/region/V9/merged/RnDD_260713_17_RnDD-16S_n0.rds, results/region/V9/merged/RnDD_260713_16_RnDD-16S_n0.rds
    wildcards: region=V9
    resources: tmpdir=/tmp

Activating conda environment: .snakemake/conda/90fdc60df0cf1ab6339e0d2a98f3a964_
[Tue Jul 28 13:09:17 2026]
Finished job 117.
139 of 193 steps (72%) done
Select jobs to execute...

[Tue Jul 28 13:09:17 2026]
rule region_remove_chimera:
    input: results/region/V4_V5/seqtab.rds
    output: results/region/V4_V5/seqtab_nochim.rds
    log: logs/region_remove_chimera/V4_V5.log
    jobid: 116
    reason: Missing output files: results/region/V4_V5/seqtab_nochim.rds; Input files updated by another job: results/region/V4_V5/seqtab.rds
    wildcards: region=V4_V5
    resources: tmpdir=/tmp

Activating conda environment: .snakemake/conda/90fdc60df0cf1ab6339e0d2a98f3a964_
[Tue Jul 28 13:09:18 2026]
Finished job 83.
140 of 193 steps (73%) done
Select jobs to execute...

[Tue Jul 28 13:09:18 2026]
rule region_decontam:
    input: results/region/V3_V4/seqtab_nochim.rds
    output: results/region/V3_V4/decontam/seqtab_nochim.rds, results/region/V3_V4/decontam/contam_stats.rds
    log: logs/region_decontam/V3_V4.log
    jobid: 82
    reason: Missing output files: results/region/V3_V4/decontam/seqtab_nochim.rds; Input files updated by another job: results/region/V3_V4/seqtab_nochim.rds
    wildcards: region=V3_V4
    resources: tmpdir=/tmp

Activating conda environment: .snakemake/conda/90fdc60df0cf1ab6339e0d2a98f3a964_
[Tue Jul 28 13:09:19 2026]
Finished job 23.
141 of 193 steps (73%) done
Select jobs to execute...

[Tue Jul 28 13:09:19 2026]
rule region_make_seqtable:
    input: results/region/V1_V2/merged/RnDD_260713_15_RnDD-16S_n0.rds, results/region/V1_V2/merged/RnDD_260713_16_RnDD-16S_n0.rds, results/region/V1_V2/merged/RnDD_260713_17_RnDD-16S_n0.rds, results/region/V1_V2/merged/RnDD_260713_1_RnDD-16S_n0.rds, results/region/V1_V2/merged/RnDD_260713_2_RnDD-16S_n0.rds, results/region/V1_V2/merged/RnDD_260713_3_RnDD-16S_n0.rds
    output: results/region/V1_V2/seqtab.rds
    log: logs/region_make_seqtable/V1_V2.log
    jobid: 6
    reason: Missing output files: results/region/V1_V2/seqtab.rds; Input files updated by another job: results/region/V1_V2/merged/RnDD_260713_17_RnDD-16S_n0.rds, results/region/V1_V2/merged/RnDD_260713_3_RnDD-16S_n0.rds, results/region/V1_V2/merged/RnDD_260713_2_RnDD-16S_n0.rds, results/region/V1_V2/merged/RnDD_260713_15_RnDD-16S_n0.rds, results/region/V1_V2/merged/RnDD_260713_1_RnDD-16S_n0.rds, results/region/V1_V2/merged/RnDD_260713_16_RnDD-16S_n0.rds
    wildcards: region=V1_V2
    resources: tmpdir=/tmp

Activating conda environment: .snakemake/conda/90fdc60df0cf1ab6339e0d2a98f3a964_
[Tue Jul 28 13:09:21 2026]
Finished job 149.
142 of 193 steps (74%) done
Select jobs to execute...

[Tue Jul 28 13:09:21 2026]
rule region_decontam:
    input: results/region/V6_V8/seqtab_nochim.rds
    output: results/region/V6_V8/decontam/seqtab_nochim.rds, results/region/V6_V8/decontam/contam_stats.rds
    log: logs/region_decontam/V6_V8.log
    jobid: 148
    reason: Missing output files: results/region/V6_V8/decontam/seqtab_nochim.rds; Input files updated by another job: results/region/V6_V8/seqtab_nochim.rds
    wildcards: region=V6_V8
    resources: tmpdir=/tmp

Activating conda environment: .snakemake/conda/90fdc60df0cf1ab6339e0d2a98f3a964_
[Tue Jul 28 13:09:22 2026]
Finished job 82.
143 of 193 steps (74%) done
Select jobs to execute...

[Tue Jul 28 13:09:22 2026]
rule region_decontam_assign_taxonomy_silva:
    input: results/region/V3_V4/decontam/seqtab_nochim.rds, references/silva_nr99_v138.2_toSpecies_trainset.fa.gz
    output: results/region/V3_V4/decontam/taxa/silva/taxa.rds
    log: logs/region_decontam_assign_taxonomy_silva/V3_V4.log
    jobid: 111
    reason: Missing output files: results/region/V3_V4/decontam/taxa/silva/taxa.rds; Input files updated by another job: results/region/V3_V4/decontam/seqtab_nochim.rds
    wildcards: region=V3_V4
    resources: tmpdir=/tmp

Activating conda environment: .snakemake/conda/90fdc60df0cf1ab6339e0d2a98f3a964_
[Tue Jul 28 13:09:26 2026]
Finished job 148.
144 of 193 steps (75%) done
Select jobs to execute...

[Tue Jul 28 13:09:26 2026]
rule region_decontam_assign_taxonomy_silva:
    input: results/region/V6_V8/decontam/seqtab_nochim.rds, references/silva_nr99_v138.2_toSpecies_trainset.fa.gz
    output: results/region/V6_V8/decontam/taxa/silva/taxa.rds
    log: logs/region_decontam_assign_taxonomy_silva/V6_V8.log
    jobid: 177
    reason: Missing output files: results/region/V6_V8/decontam/taxa/silva/taxa.rds; Input files updated by another job: results/region/V6_V8/decontam/seqtab_nochim.rds
    wildcards: region=V6_V8
    resources: tmpdir=/tmp

Activating conda environment: .snakemake/conda/90fdc60df0cf1ab6339e0d2a98f3a964_
[Tue Jul 28 13:09:32 2026]
Finished job 45.
145 of 193 steps (75%) done
Select jobs to execute...

[Tue Jul 28 13:09:32 2026]
rule region_remove_chimera:
    input: results/region/V9/seqtab.rds
    output: results/region/V9/seqtab_nochim.rds
    log: logs/region_remove_chimera/V9.log
    jobid: 44
    reason: Missing output files: results/region/V9/seqtab_nochim.rds; Input files updated by another job: results/region/V9/seqtab.rds
    wildcards: region=V9
    resources: tmpdir=/tmp

Activating conda environment: .snakemake/conda/90fdc60df0cf1ab6339e0d2a98f3a964_
[Tue Jul 28 13:09:34 2026]
Finished job 116.
146 of 193 steps (76%) done
Select jobs to execute...

[Tue Jul 28 13:09:34 2026]
rule region_decontam:
    input: results/region/V4_V5/seqtab_nochim.rds
    output: results/region/V4_V5/decontam/seqtab_nochim.rds, results/region/V4_V5/decontam/contam_stats.rds
    log: logs/region_decontam/V4_V5.log
    jobid: 115
    reason: Missing output files: results/region/V4_V5/decontam/seqtab_nochim.rds; Input files updated by another job: results/region/V4_V5/seqtab_nochim.rds
    wildcards: region=V4_V5
    resources: tmpdir=/tmp

Activating conda environment: .snakemake/conda/90fdc60df0cf1ab6339e0d2a98f3a964_
[Tue Jul 28 13:09:35 2026]
Finished job 6.
147 of 193 steps (76%) done
Select jobs to execute...

[Tue Jul 28 13:09:35 2026]
rule region_remove_chimera:
    input: results/region/V1_V2/seqtab.rds
    output: results/region/V1_V2/seqtab_nochim.rds
    log: logs/region_remove_chimera/V1_V2.log
    jobid: 5
    reason: Missing output files: results/region/V1_V2/seqtab_nochim.rds; Input files updated by another job: results/region/V1_V2/seqtab.rds
    wildcards: region=V1_V2
    resources: tmpdir=/tmp

Activating conda environment: .snakemake/conda/90fdc60df0cf1ab6339e0d2a98f3a964_
[Tue Jul 28 13:09:38 2026]
Finished job 115.
148 of 193 steps (77%) done
Select jobs to execute...

[Tue Jul 28 13:09:38 2026]
rule region_decontam_assign_taxonomy_silva:
    input: results/region/V4_V5/decontam/seqtab_nochim.rds, references/silva_nr99_v138.2_toSpecies_trainset.fa.gz
    output: results/region/V4_V5/decontam/taxa/silva/taxa.rds
    log: logs/region_decontam_assign_taxonomy_silva/V4_V5.log
    jobid: 144
    reason: Missing output files: results/region/V4_V5/decontam/taxa/silva/taxa.rds; Input files updated by another job: results/region/V4_V5/decontam/seqtab_nochim.rds
    wildcards: region=V4_V5
    resources: tmpdir=/tmp

Activating conda environment: .snakemake/conda/90fdc60df0cf1ab6339e0d2a98f3a964_
[Tue Jul 28 13:09:48 2026]
Finished job 44.
149 of 193 steps (77%) done
Select jobs to execute...

[Tue Jul 28 13:09:48 2026]
rule region_decontam:
    input: results/region/V9/seqtab_nochim.rds
    output: results/region/V9/decontam/seqtab_nochim.rds, results/region/V9/decontam/contam_stats.rds
    log: logs/region_decontam/V9.log
    jobid: 43
    reason: Missing output files: results/region/V9/decontam/seqtab_nochim.rds; Input files updated by another job: results/region/V9/seqtab_nochim.rds
    wildcards: region=V9
    resources: tmpdir=/tmp

Activating conda environment: .snakemake/conda/90fdc60df0cf1ab6339e0d2a98f3a964_
[Tue Jul 28 13:09:51 2026]
Finished job 5.
150 of 193 steps (78%) done
Select jobs to execute...

[Tue Jul 28 13:09:51 2026]
rule region_decontam:
    input: results/region/V1_V2/seqtab_nochim.rds
    output: results/region/V1_V2/decontam/seqtab_nochim.rds, results/region/V1_V2/decontam/contam_stats.rds
    log: logs/region_decontam/V1_V2.log
    jobid: 4
    reason: Missing output files: results/region/V1_V2/decontam/seqtab_nochim.rds; Input files updated by another job: results/region/V1_V2/seqtab_nochim.rds
    wildcards: region=V1_V2
    resources: tmpdir=/tmp

Activating conda environment: .snakemake/conda/90fdc60df0cf1ab6339e0d2a98f3a964_
[Tue Jul 28 13:09:53 2026]
Finished job 43.
151 of 193 steps (78%) done
Select jobs to execute...

[Tue Jul 28 13:09:53 2026]
rule region_decontam_assign_taxonomy_silva:
    input: results/region/V9/decontam/seqtab_nochim.rds, references/silva_nr99_v138.2_toSpecies_trainset.fa.gz
    output: results/region/V9/decontam/taxa/silva/taxa.rds
    log: logs/region_decontam_assign_taxonomy_silva/V9.log
    jobid: 78
    reason: Missing output files: results/region/V9/decontam/taxa/silva/taxa.rds; Input files updated by another job: results/region/V9/decontam/seqtab_nochim.rds
    wildcards: region=V9
    resources: tmpdir=/tmp

Activating conda environment: .snakemake/conda/90fdc60df0cf1ab6339e0d2a98f3a964_
[Tue Jul 28 13:09:56 2026]
Finished job 4.
152 of 193 steps (79%) done
Select jobs to execute...

[Tue Jul 28 13:09:56 2026]
rule region_decontam_assign_taxonomy_silva:
    input: results/region/V1_V2/decontam/seqtab_nochim.rds, references/silva_nr99_v138.2_toSpecies_trainset.fa.gz
    output: results/region/V1_V2/decontam/taxa/silva/taxa.rds
    log: logs/region_decontam_assign_taxonomy_silva/V1_V2.log
    jobid: 39
    reason: Missing output files: results/region/V1_V2/decontam/taxa/silva/taxa.rds; Input files updated by another job: results/region/V1_V2/decontam/seqtab_nochim.rds
    wildcards: region=V1_V2
    resources: tmpdir=/tmp

Activating conda environment: .snakemake/conda/90fdc60df0cf1ab6339e0d2a98f3a964_
Will exit after finishing currently running jobs (scheduler).
[Tue Jul 28 13:10:40 2026]
[Tue Jul 28 13:10:40 2026]
[Tue Jul 28 13:10:40 2026]
Error in rule region_decontam_assign_taxonomy_silva:
    jobid: 144
    input: results/region/V4_V5/decontam/seqtab_nochim.rds, references/silva_nr99_v138.2_toSpecies_trainset.fa.gz
    output: results/region/V4_V5/decontam/taxa/silva/taxa.rds
    log: logs/region_decontam_assign_taxonomy_silva/V4_V5.log (check log file(s) for error details)
    conda-env: /home/mark/Documents/Genomed/16s_GM_local/.snakemake/conda/90fdc60df0cf1ab6339e0d2a98f3a964_

Error in rule region_decontam_assign_taxonomy_silva:
    jobid: 78
    input: results/region/V9/decontam/seqtab_nochim.rds, references/silva_nr99_v138.2_toSpecies_trainset.fa.gz
    output: results/region/V9/decontam/taxa/silva/taxa.rds
    log: logs/region_decontam_assign_taxonomy_silva/V9.log (check log file(s) for error details)
    conda-env: /home/mark/Documents/Genomed/16s_GM_local/.snakemake/conda/90fdc60df0cf1ab6339e0d2a98f3a964_

Error in rule region_decontam_assign_taxonomy_silva:
    jobid: 39
    input: results/region/V1_V2/decontam/seqtab_nochim.rds, references/silva_nr99_v138.2_toSpecies_trainset.fa.gz
    output: results/region/V1_V2/decontam/taxa/silva/taxa.rds
    log: logs/region_decontam_assign_taxonomy_silva/V1_V2.log (check log file(s) for error details)
    conda-env: /home/mark/Documents/Genomed/16s_GM_local/.snakemake/conda/90fdc60df0cf1ab6339e0d2a98f3a964_

[Tue Jul 28 13:10:40 2026]
Error in rule region_decontam_assign_taxonomy_silva:
    jobid: 111
    input: results/region/V3_V4/decontam/seqtab_nochim.rds, references/silva_nr99_v138.2_toSpecies_trainset.fa.gz
    output: results/region/V3_V4/decontam/taxa/silva/taxa.rds
    log: logs/region_decontam_assign_taxonomy_silva/V3_V4.log (check log file(s) for error details)
    conda-env: /home/mark/Documents/Genomed/16s_GM_local/.snakemake/conda/90fdc60df0cf1ab6339e0d2a98f3a964_

RuleException:
CalledProcessError in file /home/mark/Documents/Genomed/16s_GM_local/Snakefile, line 1095:
Command 'source /home/mark/miniconda3/bin/activate '/home/mark/Documents/Genomed/16s_GM_local/.snakemake/conda/90fdc60df0cf1ab6339e0d2a98f3a964_'; set -euo pipefail;  Rscript --vanilla /home/mark/Documents/Genomed/16s_GM_local/.snakemake/scripts/tmpa2daf4q9.assign_taxa.R' died with <Signals.SIGTERM: 15>.
  File "/home/mark/Documents/Genomed/16s_GM_local/Snakefile", line 1095, in __rule_region_decontam_assign_taxonomy_silva
  File "/usr/lib/python3.14/concurrent/futures/thread.py", line 86, in run
  File "/usr/lib/python3.14/concurrent/futures/thread.py", line 73, in run
RuleException:
CalledProcessError in file /home/mark/Documents/Genomed/16s_GM_local/Snakefile, line 1095:
Command 'source /home/mark/miniconda3/bin/activate '/home/mark/Documents/Genomed/16s_GM_local/.snakemake/conda/90fdc60df0cf1ab6339e0d2a98f3a964_'; set -euo pipefail;  Rscript --vanilla /home/mark/Documents/Genomed/16s_GM_local/.snakemake/scripts/tmp2olz64l1.assign_taxa.R' died with <Signals.SIGTERM: 15>.
  File "/home/mark/Documents/Genomed/16s_GM_local/Snakefile", line 1095, in __rule_region_decontam_assign_taxonomy_silva
  File "/usr/lib/python3.14/concurrent/futures/thread.py", line 86, in run
  File "/usr/lib/python3.14/concurrent/futures/thread.py", line 73, in run
RuleException:
CalledProcessError in file /home/mark/Documents/Genomed/16s_GM_local/Snakefile, line 1095:
Command 'source /home/mark/miniconda3/bin/activate '/home/mark/Documents/Genomed/16s_GM_local/.snakemake/conda/90fdc60df0cf1ab6339e0d2a98f3a964_'; set -euo pipefail;  Rscript --vanilla /home/mark/Documents/Genomed/16s_GM_local/.snakemake/scripts/tmp0e2gqtww.assign_taxa.R' died with <Signals.SIGTERM: 15>.
  File "/home/mark/Documents/Genomed/16s_GM_local/Snakefile", line 1095, in __rule_region_decontam_assign_taxonomy_silva
  File "/usr/lib/python3.14/concurrent/futures/thread.py", line 86, in run
  File "/usr/lib/python3.14/concurrent/futures/thread.py", line 73, in run
RuleException:
CalledProcessError in file /home/mark/Documents/Genomed/16s_GM_local/Snakefile, line 1095:
Command 'source /home/mark/miniconda3/bin/activate '/home/mark/Documents/Genomed/16s_GM_local/.snakemake/conda/90fdc60df0cf1ab6339e0d2a98f3a964_'; set -euo pipefail;  Rscript --vanilla /home/mark/Documents/Genomed/16s_GM_local/.snakemake/scripts/tmpqvcmhumt.assign_taxa.R' died with <Signals.SIGKILL: 9>.
  File "/home/mark/Documents/Genomed/16s_GM_local/Snakefile", line 1095, in __rule_region_decontam_assign_taxonomy_silva
  File "/usr/lib/python3.14/concurrent/futures/thread.py", line 86, in run
  File "/usr/lib/python3.14/concurrent/futures/thread.py", line 73, in run
[Tue Jul 28 13:10:40 2026]
Error in rule region_decontam_assign_taxonomy_silva:
    jobid: 177
    input: results/region/V6_V8/decontam/seqtab_nochim.rds, references/silva_nr99_v138.2_toSpecies_trainset.fa.gz
    output: results/region/V6_V8/decontam/taxa/silva/taxa.rds
    log: logs/region_decontam_assign_taxonomy_silva/V6_V8.log (check log file(s) for error details)
    conda-env: /home/mark/Documents/Genomed/16s_GM_local/.snakemake/conda/90fdc60df0cf1ab6339e0d2a98f3a964_

RuleException:
CalledProcessError in file /home/mark/Documents/Genomed/16s_GM_local/Snakefile, line 1095:
Command 'source /home/mark/miniconda3/bin/activate '/home/mark/Documents/Genomed/16s_GM_local/.snakemake/conda/90fdc60df0cf1ab6339e0d2a98f3a964_'; set -euo pipefail;  Rscript --vanilla /home/mark/Documents/Genomed/16s_GM_local/.snakemake/scripts/tmp06arfff4.assign_taxa.R' died with <Signals.SIGTERM: 15>.
  File "/home/mark/Documents/Genomed/16s_GM_local/Snakefile", line 1095, in __rule_region_decontam_assign_taxonomy_silva
  File "/usr/lib/python3.14/concurrent/futures/thread.py", line 86, in run
  File "/usr/lib/python3.14/concurrent/futures/thread.py", line 73, in run
